region,community,cases,date
AGOURA HILLS,AGOURA HILLS,1,2020-03-23
AGOURA HILLS,AGOURA HILLS,3,2020-03-24
AGOURA HILLS,AGOURA HILLS,3,2020-03-25
AGOURA HILLS,AGOURA HILLS,5,2020-03-26
AGOURA HILLS,AGOURA HILLS,6,2020-03-27
AGOURA HILLS,AGOURA HILLS,9,2020-03-28
ALHAMBRA,ALHAMBRA,1,2020-03-17
ALHAMBRA,ALHAMBRA,1,2020-03-18
ALHAMBRA,ALHAMBRA,2,2020-03-19
ALHAMBRA,ALHAMBRA,3,2020-03-20
ALHAMBRA,ALHAMBRA,3,2020-03-21
ALHAMBRA,ALHAMBRA,3,2020-03-22
ALHAMBRA,ALHAMBRA,4,2020-03-23
ALHAMBRA,ALHAMBRA,5,2020-03-24
ALHAMBRA,ALHAMBRA,6,2020-03-25
ALHAMBRA,ALHAMBRA,8,2020-03-26
ALHAMBRA,ALHAMBRA,8,2020-03-27
ALHAMBRA,ALHAMBRA,10,2020-03-28
ARCADIA,ARCADIA,1,2020-03-17
ARCADIA,ARCADIA,2,2020-03-18
ARCADIA,ARCADIA,2,2020-03-19
ARCADIA,ARCADIA,2,2020-03-20
ARCADIA,ARCADIA,2,2020-03-21
ARCADIA,ARCADIA,2,2020-03-22
ARCADIA,ARCADIA,3,2020-03-23
ARCADIA,ARCADIA,4,2020-03-24
ARCADIA,ARCADIA,4,2020-03-25
ARCADIA,ARCADIA,6,2020-03-26
ARCADIA,ARCADIA,6,2020-03-27
ARCADIA,ARCADIA,8,2020-03-28
ARTESIA,ARTESIA,NA,2020-03-27
ARTESIA,ARTESIA,NA,2020-03-28
AVALON,AVALON,0,2020-03-27
AVALON,AVALON,0,2020-03-28
AZUSA,AZUSA,1,2020-03-26
AZUSA,AZUSA,1,2020-03-27
AZUSA,AZUSA,1,2020-03-28
BALDWIN PARK,BALDWIN PARK,0,2020-03-27
BALDWIN PARK,BALDWIN PARK,0,2020-03-28
BELL,BELL,2,2020-03-26
BELL,BELL,4,2020-03-27
BELL,BELL,5,2020-03-28
BELL GARDENS,BELL GARDENS,3,2020-03-25
BELL GARDENS,BELL GARDENS,3,2020-03-26
BELL GARDENS,BELL GARDENS,1,2020-03-27
BELL GARDENS,BELL GARDENS,1,2020-03-28
BELLFLOWER,BELLFLOWER,1,2020-03-22
BELLFLOWER,BELLFLOWER,3,2020-03-23
BELLFLOWER,BELLFLOWER,3,2020-03-24
BELLFLOWER,BELLFLOWER,7,2020-03-25
BELLFLOWER,BELLFLOWER,8,2020-03-26
BELLFLOWER,BELLFLOWER,10,2020-03-27
BELLFLOWER,BELLFLOWER,12,2020-03-28
BEVERLY HILLS,BEVERLY HILLS,1,2020-03-17
BEVERLY HILLS,BEVERLY HILLS,4,2020-03-18
BEVERLY HILLS,BEVERLY HILLS,4,2020-03-19
BEVERLY HILLS,BEVERLY HILLS,5,2020-03-20
BEVERLY HILLS,BEVERLY HILLS,7,2020-03-21
BEVERLY HILLS,BEVERLY HILLS,8,2020-03-22
BEVERLY HILLS,BEVERLY HILLS,12,2020-03-23
BEVERLY HILLS,BEVERLY HILLS,12,2020-03-24
BEVERLY HILLS,BEVERLY HILLS,13,2020-03-25
BEVERLY HILLS,BEVERLY HILLS,15,2020-03-26
BEVERLY HILLS,BEVERLY HILLS,21,2020-03-27
BEVERLY HILLS,BEVERLY HILLS,21,2020-03-28
BRADBURY,BRADBURY,0,2020-03-27
BRADBURY,BRADBURY,0,2020-03-28
BURBANK,BURBANK,1,2020-03-19
BURBANK,BURBANK,1,2020-03-20
BURBANK,BURBANK,1,2020-03-21
BURBANK,BURBANK,2,2020-03-22
BURBANK,BURBANK,2,2020-03-23
BURBANK,BURBANK,2,2020-03-24
BURBANK,BURBANK,3,2020-03-25
BURBANK,BURBANK,6,2020-03-26
BURBANK,BURBANK,7,2020-03-27
BURBANK,BURBANK,17,2020-03-28
CALABASAS,CALABASAS,1,2020-03-19
CALABASAS,CALABASAS,1,2020-03-20
CALABASAS,CALABASAS,1,2020-03-21
CALABASAS,CALABASAS,2,2020-03-22
CALABASAS,CALABASAS,3,2020-03-23
CALABASAS,CALABASAS,4,2020-03-24
CALABASAS,CALABASAS,4,2020-03-25
CALABASAS,CALABASAS,5,2020-03-26
CALABASAS,CALABASAS,7,2020-03-27
CALABASAS,CALABASAS,10,2020-03-28
CARSON,CARSON,1,2020-03-17
CARSON,CARSON,1,2020-03-18
CARSON,CARSON,1,2020-03-19
CARSON,CARSON,3,2020-03-20
CARSON,CARSON,3,2020-03-21
CARSON,CARSON,4,2020-03-22
CARSON,CARSON,6,2020-03-23
CARSON,CARSON,8,2020-03-24
CARSON,CARSON,9,2020-03-25
CARSON,CARSON,21,2020-03-26
CARSON,CARSON,21,2020-03-27
CARSON,CARSON,26,2020-03-28
CERRITOS,CERRITOS,1,2020-03-21
CERRITOS,CERRITOS,2,2020-03-22
CERRITOS,CERRITOS,2,2020-03-23
CERRITOS,CERRITOS,2,2020-03-24
CERRITOS,CERRITOS,2,2020-03-25
CERRITOS,CERRITOS,2,2020-03-26
CERRITOS,CERRITOS,1,2020-03-27
CERRITOS,CERRITOS,1,2020-03-28
CLAREMONT,CLAREMONT,1,2020-03-24
CLAREMONT,CLAREMONT,1,2020-03-25
CLAREMONT,CLAREMONT,1,2020-03-26
CLAREMONT,CLAREMONT,1,2020-03-27
CLAREMONT,CLAREMONT,1,2020-03-28
COMMERCE,COMMERCE,0,2020-03-27
COMMERCE,COMMERCE,0,2020-03-28
COMPTON,COMPTON,1,2020-03-23
COMPTON,COMPTON,1,2020-03-24
COMPTON,COMPTON,2,2020-03-25
COMPTON,COMPTON,5,2020-03-26
COMPTON,COMPTON,7,2020-03-27
COMPTON,COMPTON,9,2020-03-28
COVINA,COVINA,1,2020-03-19
COVINA,COVINA,1,2020-03-20
COVINA,COVINA,1,2020-03-21
COVINA,COVINA,1,2020-03-22
COVINA,COVINA,1,2020-03-23
COVINA,COVINA,3,2020-03-24
COVINA,COVINA,3,2020-03-25
COVINA,COVINA,4,2020-03-26
COVINA,COVINA,3,2020-03-27
COVINA,COVINA,3,2020-03-28
CUDAHY,CUDAHY,NA,2020-03-27
CUDAHY,CUDAHY,NA,2020-03-28
CULVER CITY,CULVER CITY,2,2020-03-17
CULVER CITY,CULVER CITY,2,2020-03-18
CULVER CITY,CULVER CITY,3,2020-03-19
CULVER CITY,CULVER CITY,4,2020-03-20
CULVER CITY,CULVER CITY,4,2020-03-21
CULVER CITY,CULVER CITY,4,2020-03-22
CULVER CITY,CULVER CITY,5,2020-03-23
CULVER CITY,CULVER CITY,7,2020-03-24
CULVER CITY,CULVER CITY,6,2020-03-25
CULVER CITY,CULVER CITY,8,2020-03-26
CULVER CITY,CULVER CITY,6,2020-03-27
CULVER CITY,CULVER CITY,7,2020-03-28
DIAMOND BAR,DIAMOND BAR,2,2020-03-17
DIAMOND BAR,DIAMOND BAR,2,2020-03-18
DIAMOND BAR,DIAMOND BAR,2,2020-03-19
DIAMOND BAR,DIAMOND BAR,2,2020-03-20
DIAMOND BAR,DIAMOND BAR,2,2020-03-21
DIAMOND BAR,DIAMOND BAR,2,2020-03-22
DIAMOND BAR,DIAMOND BAR,2,2020-03-23
DIAMOND BAR,DIAMOND BAR,2,2020-03-24
DIAMOND BAR,DIAMOND BAR,2,2020-03-25
DIAMOND BAR,DIAMOND BAR,2,2020-03-26
DIAMOND BAR,DIAMOND BAR,2,2020-03-27
DIAMOND BAR,DIAMOND BAR,2,2020-03-28
DOWNEY,DOWNEY,1,2020-03-24
DOWNEY,DOWNEY,5,2020-03-25
DOWNEY,DOWNEY,10,2020-03-26
DOWNEY,DOWNEY,12,2020-03-27
DOWNEY,DOWNEY,18,2020-03-28
DUARTE,DUARTE,1,2020-03-23
DUARTE,DUARTE,1,2020-03-24
DUARTE,DUARTE,1,2020-03-25
DUARTE,DUARTE,2,2020-03-26
DUARTE,DUARTE,NA,2020-03-27
DUARTE,DUARTE,NA,2020-03-28
EL MONTE,EL MONTE,0,2020-03-27
EL MONTE,EL MONTE,0,2020-03-28
EL SEGUNDO,EL SEGUNDO,1,2020-03-20
EL SEGUNDO,EL SEGUNDO,2,2020-03-21
EL SEGUNDO,EL SEGUNDO,1,2020-03-22
EL SEGUNDO,EL SEGUNDO,1,2020-03-23
EL SEGUNDO,EL SEGUNDO,2,2020-03-24
EL SEGUNDO,EL SEGUNDO,2,2020-03-25
EL SEGUNDO,EL SEGUNDO,2,2020-03-26
EL SEGUNDO,EL SEGUNDO,NA,2020-03-27
EL SEGUNDO,EL SEGUNDO,NA,2020-03-28
GARDENA,GARDENA,1,2020-03-17
GARDENA,GARDENA,1,2020-03-18
GARDENA,GARDENA,1,2020-03-19
GARDENA,GARDENA,1,2020-03-20
GARDENA,GARDENA,1,2020-03-21
GARDENA,GARDENA,1,2020-03-22
GARDENA,GARDENA,1,2020-03-23
GARDENA,GARDENA,1,2020-03-24
GARDENA,GARDENA,1,2020-03-25
GARDENA,GARDENA,4,2020-03-26
GARDENA,GARDENA,5,2020-03-27
GARDENA,GARDENA,6,2020-03-28
GLENDALE,GLENDALE,3,2020-03-17
GLENDALE,GLENDALE,4,2020-03-18
GLENDALE,GLENDALE,4,2020-03-19
GLENDALE,GLENDALE,4,2020-03-20
GLENDALE,GLENDALE,5,2020-03-21
GLENDALE,GLENDALE,6,2020-03-22
GLENDALE,GLENDALE,9,2020-03-23
GLENDALE,GLENDALE,10,2020-03-24
GLENDALE,GLENDALE,12,2020-03-25
GLENDALE,GLENDALE,23,2020-03-26
GLENDALE,GLENDALE,29,2020-03-27
GLENDALE,GLENDALE,36,2020-03-28
GLENDORA,GLENDORA,1,2020-03-22
GLENDORA,GLENDORA,1,2020-03-23
GLENDORA,GLENDORA,1,2020-03-24
GLENDORA,GLENDORA,2,2020-03-25
GLENDORA,GLENDORA,2,2020-03-26
GLENDORA,GLENDORA,4,2020-03-27
GLENDORA,GLENDORA,4,2020-03-28
HAWAIIAN GARDENS,HAWAIIAN GARDENS,NA,2020-03-27
HAWAIIAN GARDENS,HAWAIIAN GARDENS,NA,2020-03-28
HAWTHORNE,HAWTHORNE,1,2020-03-19
HAWTHORNE,HAWTHORNE,2,2020-03-20
HAWTHORNE,HAWTHORNE,2,2020-03-21
HAWTHORNE,HAWTHORNE,2,2020-03-22
HAWTHORNE,HAWTHORNE,3,2020-03-23
HAWTHORNE,HAWTHORNE,6,2020-03-24
HAWTHORNE,HAWTHORNE,8,2020-03-25
HAWTHORNE,HAWTHORNE,9,2020-03-26
HAWTHORNE,HAWTHORNE,7,2020-03-27
HAWTHORNE,HAWTHORNE,11,2020-03-28
HERMOSA BEACH,HERMOSA BEACH,NA,2020-03-27
HERMOSA BEACH,HERMOSA BEACH,NA,2020-03-28
HIDDEN HILLS,HIDDEN HILLS,0,2020-03-27
HIDDEN HILLS,HIDDEN HILLS,0,2020-03-28
HUNTINGTON PARK,HUNTINGTON PARK,0,2020-03-27
HUNTINGTON PARK,HUNTINGTON PARK,2,2020-03-28
INDUSTRY,INDUSTRY,0,2020-03-27
INDUSTRY,INDUSTRY,0,2020-03-28
INGLEWOOD,INGLEWOOD,1,2020-03-17
INGLEWOOD,INGLEWOOD,1,2020-03-18
INGLEWOOD,INGLEWOOD,2,2020-03-19
INGLEWOOD,INGLEWOOD,2,2020-03-20
INGLEWOOD,INGLEWOOD,2,2020-03-21
INGLEWOOD,INGLEWOOD,3,2020-03-22
INGLEWOOD,INGLEWOOD,3,2020-03-23
INGLEWOOD,INGLEWOOD,5,2020-03-24
INGLEWOOD,INGLEWOOD,5,2020-03-25
INGLEWOOD,INGLEWOOD,12,2020-03-26
INGLEWOOD,INGLEWOOD,12,2020-03-27
INGLEWOOD,INGLEWOOD,14,2020-03-28
IRWINDALE,IRWINDALE,0,2020-03-27
IRWINDALE,IRWINDALE,0,2020-03-28
LA CANADA FLINTRIDGE,LA CANADA FLINTRIDGE,1,2020-03-21
LA CANADA FLINTRIDGE,LA CANADA FLINTRIDGE,1,2020-03-22
LA CANADA FLINTRIDGE,LA CANADA FLINTRIDGE,2,2020-03-23
LA CANADA FLINTRIDGE,LA CANADA FLINTRIDGE,2,2020-03-24
LA CANADA FLINTRIDGE,LA CANADA FLINTRIDGE,3,2020-03-25
LA CANADA FLINTRIDGE,LA CANADA FLINTRIDGE,6,2020-03-26
LA CANADA FLINTRIDGE,LA CANADA FLINTRIDGE,5,2020-03-27
LA CANADA FLINTRIDGE,LA CANADA FLINTRIDGE,7,2020-03-28
LA HABRA HEIGHTS,LA HABRA HEIGHTS,NA,2020-03-27
LA HABRA HEIGHTS,LA HABRA HEIGHTS,0,2020-03-28
LA MIRADA,LA MIRADA,3,2020-03-17
LA MIRADA,LA MIRADA,3,2020-03-18
LA MIRADA,LA MIRADA,3,2020-03-19
LA MIRADA,LA MIRADA,3,2020-03-20
LA MIRADA,LA MIRADA,3,2020-03-21
LA MIRADA,LA MIRADA,3,2020-03-22
LA MIRADA,LA MIRADA,3,2020-03-23
LA MIRADA,LA MIRADA,3,2020-03-24
LA MIRADA,LA MIRADA,4,2020-03-25
LA MIRADA,LA MIRADA,5,2020-03-26
LA MIRADA,LA MIRADA,5,2020-03-27
LA MIRADA,LA MIRADA,6,2020-03-28
LA PUENTE,LA PUENTE,1,2020-03-24
LA PUENTE,LA PUENTE,1,2020-03-26
LA PUENTE,LA PUENTE,1,2020-03-27
LA PUENTE,LA PUENTE,2,2020-03-28
LA VERNE,LA VERNE,1,2020-03-21
LA VERNE,LA VERNE,2,2020-03-22
LA VERNE,LA VERNE,2,2020-03-23
LA VERNE,LA VERNE,2,2020-03-24
LA VERNE,LA VERNE,2,2020-03-25
LA VERNE,LA VERNE,2,2020-03-26
LA VERNE,LA VERNE,1,2020-03-27
LA VERNE,LA VERNE,1,2020-03-28
LAKEWOOD,LAKEWOOD,1,2020-03-20
LAKEWOOD,LAKEWOOD,1,2020-03-21
LAKEWOOD,LAKEWOOD,1,2020-03-22
LAKEWOOD,LAKEWOOD,1,2020-03-23
LAKEWOOD,LAKEWOOD,3,2020-03-24
LAKEWOOD,LAKEWOOD,4,2020-03-25
LAKEWOOD,LAKEWOOD,7,2020-03-26
LAKEWOOD,LAKEWOOD,8,2020-03-27
LAKEWOOD,LAKEWOOD,11,2020-03-28
LANCASTER,LANCASTER,3,2020-03-20
LANCASTER,LANCASTER,3,2020-03-21
LANCASTER,LANCASTER,4,2020-03-22
LANCASTER,LANCASTER,7,2020-03-23
LANCASTER,LANCASTER,8,2020-03-24
LANCASTER,LANCASTER,13,2020-03-25
LANCASTER,LANCASTER,16,2020-03-26
LANCASTER,LANCASTER,18,2020-03-27
LANCASTER,LANCASTER,19,2020-03-28
LAWNDALE,LAWNDALE,1,2020-03-19
LAWNDALE,LAWNDALE,1,2020-03-20
LAWNDALE,LAWNDALE,1,2020-03-21
LAWNDALE,LAWNDALE,1,2020-03-22
LAWNDALE,LAWNDALE,2,2020-03-23
LAWNDALE,LAWNDALE,2,2020-03-24
LAWNDALE,LAWNDALE,1,2020-03-25
LAWNDALE,LAWNDALE,2,2020-03-26
LAWNDALE,LAWNDALE,2,2020-03-27
LAWNDALE,LAWNDALE,3,2020-03-28
LOMITA,LOMITA,5,2020-03-19
LOMITA,LOMITA,5,2020-03-20
LOMITA,LOMITA,7,2020-03-21
LOMITA,LOMITA,8,2020-03-22
LOMITA,LOMITA,8,2020-03-23
LOMITA,LOMITA,9,2020-03-24
LOMITA,LOMITA,9,2020-03-25
LOMITA,LOMITA,12,2020-03-26
LOMITA,LOMITA,0,2020-03-27
LOMITA,LOMITA,NA,2020-03-28
LONG BEACH,LONG BEACH,5,2020-03-17
LONG BEACH,LONG BEACH,8,2020-03-18
LONG BEACH,LONG BEACH,12,2020-03-19
LONG BEACH,LONG BEACH,12,2020-03-20
LONG BEACH,LONG BEACH,13,2020-03-21
LONG BEACH,LONG BEACH,15,2020-03-22
LONG BEACH,LONG BEACH,17,2020-03-23
LONG BEACH,LONG BEACH,21,2020-03-24
LONG BEACH,LONG BEACH,28,2020-03-25
LONG BEACH,LONG BEACH,41,2020-03-26
LONG BEACH,LONG BEACH,54,2020-03-27
LONG BEACH,LONG BEACH,75,2020-03-28
LOS ANGELES,ADAMS-NORMANDIE,NA,2020-03-27
LOS ANGELES,ADAMS-NORMANDIE,NA,2020-03-28
LOS ANGELES,ALSACE,NA,2020-03-27
LOS ANGELES,ALSACE,NA,2020-03-28
LOS ANGELES,ANGELES NATIONAL FOREST,0,2020-03-28
LOS ANGELES,ANGELINO HEIGHTS,0,2020-03-27
LOS ANGELES,ANGELINO HEIGHTS,0,2020-03-28
LOS ANGELES,ARLETA,1,2020-03-25
LOS ANGELES,ARLETA,2,2020-03-26
LOS ANGELES,ARLETA,2,2020-03-27
LOS ANGELES,ARLETA,4,2020-03-28
LOS ANGELES,ATWATER VILLAGE,0,2020-03-27
LOS ANGELES,ATWATER VILLAGE,NA,2020-03-28
LOS ANGELES,BALDWIN HILLS,1,2020-03-17
LOS ANGELES,BALDWIN HILLS,1,2020-03-18
LOS ANGELES,BALDWIN HILLS,1,2020-03-19
LOS ANGELES,BALDWIN HILLS,1,2020-03-20
LOS ANGELES,BALDWIN HILLS,2,2020-03-21
LOS ANGELES,BALDWIN HILLS,3,2020-03-22
LOS ANGELES,BALDWIN HILLS,3,2020-03-23
LOS ANGELES,BALDWIN HILLS,3,2020-03-24
LOS ANGELES,BALDWIN HILLS,3,2020-03-25
LOS ANGELES,BALDWIN HILLS,4,2020-03-26
LOS ANGELES,BALDWIN HILLS,5,2020-03-27
LOS ANGELES,BALDWIN HILLS,7,2020-03-28
LOS ANGELES,BEL AIR,6,2020-03-27
LOS ANGELES,BEL AIR,8,2020-03-28
LOS ANGELES,BEVERLY CREST,14,2020-03-27
LOS ANGELES,BEVERLY CREST,17,2020-03-28
LOS ANGELES,BEVERLYWOOD,2,2020-03-19
LOS ANGELES,BEVERLYWOOD,2,2020-03-20
LOS ANGELES,BEVERLYWOOD,5,2020-03-21
LOS ANGELES,BEVERLYWOOD,6,2020-03-22
LOS ANGELES,BEVERLYWOOD,7,2020-03-23
LOS ANGELES,BEVERLYWOOD,7,2020-03-24
LOS ANGELES,BEVERLYWOOD,8,2020-03-25
LOS ANGELES,BEVERLYWOOD,10,2020-03-26
LOS ANGELES,BEVERLYWOOD,8,2020-03-27
LOS ANGELES,BEVERLYWOOD,10,2020-03-28
LOS ANGELES,BOYLE HEIGHTS,5,2020-03-17
LOS ANGELES,BOYLE HEIGHTS,5,2020-03-18
LOS ANGELES,BOYLE HEIGHTS,5,2020-03-19
LOS ANGELES,BOYLE HEIGHTS,5,2020-03-20
LOS ANGELES,BOYLE HEIGHTS,5,2020-03-21
LOS ANGELES,BOYLE HEIGHTS,5,2020-03-22
LOS ANGELES,BOYLE HEIGHTS,5,2020-03-23
LOS ANGELES,BOYLE HEIGHTS,5,2020-03-24
LOS ANGELES,BOYLE HEIGHTS,5,2020-03-25
LOS ANGELES,BOYLE HEIGHTS,7,2020-03-26
LOS ANGELES,BOYLE HEIGHTS,8,2020-03-27
LOS ANGELES,BOYLE HEIGHTS,8,2020-03-28
LOS ANGELES,BRENTWOOD,1,2020-03-17
LOS ANGELES,BRENTWOOD,2,2020-03-18
LOS ANGELES,BRENTWOOD,13,2020-03-19
LOS ANGELES,BRENTWOOD,16,2020-03-20
LOS ANGELES,BRENTWOOD,18,2020-03-21
LOS ANGELES,BRENTWOOD,23,2020-03-22
LOS ANGELES,BRENTWOOD,27,2020-03-23
LOS ANGELES,BRENTWOOD,31,2020-03-24
LOS ANGELES,BRENTWOOD,34,2020-03-25
LOS ANGELES,BRENTWOOD,42,2020-03-26
LOS ANGELES,BRENTWOOD,30,2020-03-27
LOS ANGELES,BRENTWOOD,31,2020-03-28
LOS ANGELES,BROOKSIDE,0,2020-03-27
LOS ANGELES,BROOKSIDE,0,2020-03-28
LOS ANGELES,CADILLAC-CORNING,0,2020-03-27
LOS ANGELES,CADILLAC-CORNING,0,2020-03-28
LOS ANGELES,CANOGA PARK,1,2020-03-22
LOS ANGELES,CANOGA PARK,2,2020-03-23
LOS ANGELES,CANOGA PARK,2,2020-03-24
LOS ANGELES,CANOGA PARK,2,2020-03-25
LOS ANGELES,CANOGA PARK,3,2020-03-26
LOS ANGELES,CANOGA PARK,2,2020-03-27
LOS ANGELES,CANOGA PARK,3,2020-03-28
LOS ANGELES,CARTHAY,7,2020-03-27
LOS ANGELES,CARTHAY,9,2020-03-28
LOS ANGELES,CENTRAL,2,2020-03-27
LOS ANGELES,CENTRAL,3,2020-03-28
LOS ANGELES,CENTURY CITY,4,2020-03-20
LOS ANGELES,CENTURY CITY,4,2020-03-21
LOS ANGELES,CENTURY CITY,4,2020-03-22
LOS ANGELES,CENTURY CITY,4,2020-03-23
LOS ANGELES,CENTURY CITY,6,2020-03-24
LOS ANGELES,CENTURY CITY,7,2020-03-25
LOS ANGELES,CENTURY CITY,9,2020-03-26
LOS ANGELES,CENTURY CITY,6,2020-03-27
LOS ANGELES,CENTURY CITY,8,2020-03-28
LOS ANGELES,CENTURY PALMS/COVE,1,2020-03-18
LOS ANGELES,CENTURY PALMS/COVE,1,2020-03-20
LOS ANGELES,CENTURY PALMS/COVE,1,2020-03-21
LOS ANGELES,CENTURY PALMS/COVE,1,2020-03-22
LOS ANGELES,CENTURY PALMS/COVE,1,2020-03-23
LOS ANGELES,CENTURY PALMS/COVE,1,2020-03-24
LOS ANGELES,CENTURY PALMS/COVE,3,2020-03-25
LOS ANGELES,CENTURY PALMS/COVE,3,2020-03-26
LOS ANGELES,CENTURY PALMS/COVE,3,2020-03-27
LOS ANGELES,CENTURY PALMS/COVE,5,2020-03-28
LOS ANGELES,CHATSWORTH,1,2020-03-26
LOS ANGELES,CHATSWORTH,3,2020-03-27
LOS ANGELES,CHATSWORTH,4,2020-03-28
LOS ANGELES,CHEVIOT HILLS,NA,2020-03-27
LOS ANGELES,CHEVIOT HILLS,NA,2020-03-28
LOS ANGELES,CHINATOWN,0,2020-03-27
LOS ANGELES,CHINATOWN,0,2020-03-28
LOS ANGELES,CLOVERDALE/COCHRAN,1,2020-03-23
LOS ANGELES,CLOVERDALE/COCHRAN,2,2020-03-24
LOS ANGELES,CLOVERDALE/COCHRAN,3,2020-03-25
LOS ANGELES,CLOVERDALE/COCHRAN,3,2020-03-26
LOS ANGELES,CLOVERDALE/COCHRAN,NA,2020-03-27
LOS ANGELES,CLOVERDALE/COCHRAN,NA,2020-03-28
LOS ANGELES,COUNTRY CLUB PARK,NA,2020-03-27
LOS ANGELES,COUNTRY CLUB PARK,NA,2020-03-28
LOS ANGELES,CRENSHAW DISTRICT,2,2020-03-25
LOS ANGELES,CRENSHAW DISTRICT,2,2020-03-26
LOS ANGELES,CRENSHAW DISTRICT,NA,2020-03-27
LOS ANGELES,CRENSHAW DISTRICT,NA,2020-03-28
LOS ANGELES,CRESTVIEW,1,2020-03-19
LOS ANGELES,CRESTVIEW,1,2020-03-20
LOS ANGELES,CRESTVIEW,4,2020-03-21
LOS ANGELES,CRESTVIEW,5,2020-03-22
LOS ANGELES,CRESTVIEW,6,2020-03-23
LOS ANGELES,CRESTVIEW,7,2020-03-24
LOS ANGELES,CRESTVIEW,7,2020-03-25
LOS ANGELES,CRESTVIEW,9,2020-03-26
LOS ANGELES,CRESTVIEW,7,2020-03-27
LOS ANGELES,CRESTVIEW,9,2020-03-28
LOS ANGELES,DEL REY,2,2020-03-21
LOS ANGELES,DEL REY,2,2020-03-22
LOS ANGELES,DEL REY,2,2020-03-23
LOS ANGELES,DEL REY,3,2020-03-24
LOS ANGELES,DEL REY,5,2020-03-25
LOS ANGELES,DEL REY,9,2020-03-26
LOS ANGELES,DEL REY,9,2020-03-27
LOS ANGELES,DEL REY,10,2020-03-28
LOS ANGELES,DOWNTOWN,1,2020-03-20
LOS ANGELES,DOWNTOWN,1,2020-03-21
LOS ANGELES,DOWNTOWN,1,2020-03-22
LOS ANGELES,DOWNTOWN,2,2020-03-23
LOS ANGELES,DOWNTOWN,3,2020-03-24
LOS ANGELES,DOWNTOWN,6,2020-03-25
LOS ANGELES,DOWNTOWN,7,2020-03-26
LOS ANGELES,DOWNTOWN,8,2020-03-27
LOS ANGELES,DOWNTOWN,9,2020-03-28
LOS ANGELES,EAGLE ROCK,1,2020-03-17
LOS ANGELES,EAGLE ROCK,1,2020-03-18
LOS ANGELES,EAGLE ROCK,1,2020-03-19
LOS ANGELES,EAGLE ROCK,1,2020-03-20
LOS ANGELES,EAGLE ROCK,1,2020-03-21
LOS ANGELES,EAGLE ROCK,1,2020-03-22
LOS ANGELES,EAGLE ROCK,2,2020-03-23
LOS ANGELES,EAGLE ROCK,2,2020-03-24
LOS ANGELES,EAGLE ROCK,2,2020-03-25
LOS ANGELES,EAGLE ROCK,3,2020-03-26
LOS ANGELES,EAGLE ROCK,4,2020-03-27
LOS ANGELES,EAGLE ROCK,8,2020-03-28
LOS ANGELES,EAST HOLLYWOOD,1,2020-03-22
LOS ANGELES,EAST HOLLYWOOD,1,2020-03-23
LOS ANGELES,EAST HOLLYWOOD,1,2020-03-24
LOS ANGELES,EAST HOLLYWOOD,1,2020-03-25
LOS ANGELES,EAST HOLLYWOOD,2,2020-03-26
LOS ANGELES,EAST HOLLYWOOD,3,2020-03-27
LOS ANGELES,EAST HOLLYWOOD,5,2020-03-28
LOS ANGELES,ECHO PARK,1,2020-03-19
LOS ANGELES,ECHO PARK,1,2020-03-20
LOS ANGELES,ECHO PARK,1,2020-03-21
LOS ANGELES,ECHO PARK,1,2020-03-22
LOS ANGELES,ECHO PARK,2,2020-03-23
LOS ANGELES,ECHO PARK,2,2020-03-24
LOS ANGELES,ECHO PARK,4,2020-03-25
LOS ANGELES,ECHO PARK,7,2020-03-26
LOS ANGELES,ECHO PARK,NA,2020-03-27
LOS ANGELES,ECHO PARK,NA,2020-03-28
LOS ANGELES,EL SERENO,0,2020-03-27
LOS ANGELES,EL SERENO,1,2020-03-28
LOS ANGELES,ELYSIAN PARK,NA,2020-03-27
LOS ANGELES,ELYSIAN PARK,NA,2020-03-28
LOS ANGELES,ELYSIAN VALLEY,NA,2020-03-27
LOS ANGELES,ELYSIAN VALLEY,NA,2020-03-28
LOS ANGELES,ENCINO,5,2020-03-17
LOS ANGELES,ENCINO,6,2020-03-18
LOS ANGELES,ENCINO,6,2020-03-19
LOS ANGELES,ENCINO,8,2020-03-20
LOS ANGELES,ENCINO,10,2020-03-21
LOS ANGELES,ENCINO,10,2020-03-22
LOS ANGELES,ENCINO,10,2020-03-23
LOS ANGELES,ENCINO,12,2020-03-24
LOS ANGELES,ENCINO,13,2020-03-25
LOS ANGELES,ENCINO,21,2020-03-26
LOS ANGELES,ENCINO,23,2020-03-27
LOS ANGELES,ENCINO,26,2020-03-28
LOS ANGELES,EXPOSITION,0,2020-03-27
LOS ANGELES,EXPOSITION,0,2020-03-28
LOS ANGELES,EXPOSITION PARK,1,2020-03-23
LOS ANGELES,EXPOSITION PARK,1,2020-03-24
LOS ANGELES,EXPOSITION PARK,1,2020-03-25
LOS ANGELES,EXPOSITION PARK,2,2020-03-26
LOS ANGELES,EXPOSITION PARK,2,2020-03-27
LOS ANGELES,EXPOSITION PARK,4,2020-03-28
LOS ANGELES,FAIRCREST HEIGHTS,0,2020-03-27
LOS ANGELES,FAIRCREST HEIGHTS,0,2020-03-28
LOS ANGELES,FIGUEROA PARK SQUARE,0,2020-03-27
LOS ANGELES,FIGUEROA PARK SQUARE,0,2020-03-28
LOS ANGELES,FLORENCE-FIRESTONE,1,2020-03-23
LOS ANGELES,FLORENCE-FIRESTONE,1,2020-03-24
LOS ANGELES,FLORENCE-FIRESTONE,4,2020-03-25
LOS ANGELES,FLORENCE-FIRESTONE,7,2020-03-26
LOS ANGELES,FLORENCE-FIRESTONE,3,2020-03-27
LOS ANGELES,FLORENCE-FIRESTONE,6,2020-03-28
LOS ANGELES,GLASSELL PARK,1,2020-03-25
LOS ANGELES,GLASSELL PARK,2,2020-03-26
LOS ANGELES,GLASSELL PARK,4,2020-03-27
LOS ANGELES,GLASSELL PARK,7,2020-03-28
LOS ANGELES,GRAMERCY PLACE,NA,2020-03-27
LOS ANGELES,GRAMERCY PLACE,NA,2020-03-28
LOS ANGELES,GRANADA HILLS,3,2020-03-17
LOS ANGELES,GRANADA HILLS,3,2020-03-18
LOS ANGELES,GRANADA HILLS,4,2020-03-19
LOS ANGELES,GRANADA HILLS,4,2020-03-20
LOS ANGELES,GRANADA HILLS,4,2020-03-21
LOS ANGELES,GRANADA HILLS,4,2020-03-22
LOS ANGELES,GRANADA HILLS,5,2020-03-23
LOS ANGELES,GRANADA HILLS,5,2020-03-24
LOS ANGELES,GRANADA HILLS,7,2020-03-25
LOS ANGELES,GRANADA HILLS,8,2020-03-26
LOS ANGELES,GRANADA HILLS,8,2020-03-27
LOS ANGELES,GRANADA HILLS,8,2020-03-28
LOS ANGELES,GREEN MEADOWS,NA,2020-03-27
LOS ANGELES,GREEN MEADOWS,NA,2020-03-28
LOS ANGELES,HANCOCK PARK,2,2020-03-19
LOS ANGELES,HANCOCK PARK,2,2020-03-20
LOS ANGELES,HANCOCK PARK,4,2020-03-21
LOS ANGELES,HANCOCK PARK,5,2020-03-22
LOS ANGELES,HANCOCK PARK,6,2020-03-23
LOS ANGELES,HANCOCK PARK,7,2020-03-24
LOS ANGELES,HANCOCK PARK,8,2020-03-25
LOS ANGELES,HANCOCK PARK,10,2020-03-26
LOS ANGELES,HANCOCK PARK,14,2020-03-27
LOS ANGELES,HANCOCK PARK,17,2020-03-28
LOS ANGELES,HARBOR CITY,1,2020-03-26
LOS ANGELES,HARBOR CITY,1,2020-03-27
LOS ANGELES,HARBOR CITY,1,2020-03-28
LOS ANGELES,HARBOR GATEWAY,1,2020-03-24
LOS ANGELES,HARBOR GATEWAY,2,2020-03-25
LOS ANGELES,HARBOR GATEWAY,3,2020-03-26
LOS ANGELES,HARBOR GATEWAY,4,2020-03-27
LOS ANGELES,HARBOR GATEWAY,4,2020-03-28
LOS ANGELES,HARBOR PINES,0,2020-03-27
LOS ANGELES,HARBOR PINES,0,2020-03-28
LOS ANGELES,HARVARD HEIGHTS,1,2020-03-24
LOS ANGELES,HARVARD HEIGHTS,1,2020-03-25
LOS ANGELES,HARVARD HEIGHTS,2,2020-03-26
LOS ANGELES,HARVARD HEIGHTS,NA,2020-03-27
LOS ANGELES,HARVARD HEIGHTS,NA,2020-03-28
LOS ANGELES,HARVARD PARK,1,2020-03-27
LOS ANGELES,HARVARD PARK,2,2020-03-28
LOS ANGELES,HIGHLAND PARK,1,2020-03-24
LOS ANGELES,HIGHLAND PARK,2,2020-03-25
LOS ANGELES,HIGHLAND PARK,3,2020-03-26
LOS ANGELES,HIGHLAND PARK,5,2020-03-27
LOS ANGELES,HIGHLAND PARK,6,2020-03-28
LOS ANGELES,HISTORIC FILIPINOTOWN,0,2020-03-27
LOS ANGELES,HISTORIC FILIPINOTOWN,0,2020-03-28
LOS ANGELES,HOLLYWOOD,1,2020-03-17
LOS ANGELES,HOLLYWOOD,5,2020-03-18
LOS ANGELES,HOLLYWOOD,5,2020-03-19
LOS ANGELES,HOLLYWOOD,7,2020-03-20
LOS ANGELES,HOLLYWOOD,12,2020-03-21
LOS ANGELES,HOLLYWOOD,12,2020-03-22
LOS ANGELES,HOLLYWOOD,14,2020-03-23
LOS ANGELES,HOLLYWOOD,19,2020-03-24
LOS ANGELES,HOLLYWOOD,23,2020-03-25
LOS ANGELES,HOLLYWOOD,27,2020-03-26
LOS ANGELES,HOLLYWOOD,30,2020-03-27
LOS ANGELES,HOLLYWOOD,38,2020-03-28
LOS ANGELES,HOLLYWOOD HILLS,2,2020-03-17
LOS ANGELES,HOLLYWOOD HILLS,2,2020-03-18
LOS ANGELES,HOLLYWOOD HILLS,2,2020-03-19
LOS ANGELES,HOLLYWOOD HILLS,2,2020-03-20
LOS ANGELES,HOLLYWOOD HILLS,2,2020-03-21
LOS ANGELES,HOLLYWOOD HILLS,5,2020-03-22
LOS ANGELES,HOLLYWOOD HILLS,7,2020-03-23
LOS ANGELES,HOLLYWOOD HILLS,8,2020-03-24
LOS ANGELES,HOLLYWOOD HILLS,8,2020-03-25
LOS ANGELES,HOLLYWOOD HILLS,17,2020-03-26
LOS ANGELES,HOLLYWOOD HILLS,19,2020-03-27
LOS ANGELES,HOLLYWOOD HILLS,23,2020-03-28
LOS ANGELES,HYDE PARK,1,2020-03-23
LOS ANGELES,HYDE PARK,1,2020-03-24
LOS ANGELES,HYDE PARK,1,2020-03-25
LOS ANGELES,HYDE PARK,1,2020-03-26
LOS ANGELES,HYDE PARK,2,2020-03-27
LOS ANGELES,HYDE PARK,2,2020-03-28
LOS ANGELES,JEFFERSON PARK,0,2020-03-27
LOS ANGELES,JEFFERSON PARK,0,2020-03-28
LOS ANGELES,KOREATOWN,1,2020-03-17
LOS ANGELES,KOREATOWN,1,2020-03-18
LOS ANGELES,KOREATOWN,1,2020-03-19
LOS ANGELES,KOREATOWN,1,2020-03-20
LOS ANGELES,KOREATOWN,1,2020-03-21
LOS ANGELES,KOREATOWN,2,2020-03-22
LOS ANGELES,KOREATOWN,3,2020-03-23
LOS ANGELES,KOREATOWN,5,2020-03-24
LOS ANGELES,KOREATOWN,5,2020-03-25
LOS ANGELES,KOREATOWN,7,2020-03-26
LOS ANGELES,KOREATOWN,7,2020-03-27
LOS ANGELES,KOREATOWN,10,2020-03-28
LOS ANGELES,LAFAYETTE SQUARE,NA,2020-03-27
LOS ANGELES,LAFAYETTE SQUARE,NA,2020-03-28
LOS ANGELES,LAKE BALBOA,1,2020-03-20
LOS ANGELES,LAKE BALBOA,1,2020-03-21
LOS ANGELES,LAKE BALBOA,1,2020-03-22
LOS ANGELES,LAKE BALBOA,2,2020-03-23
LOS ANGELES,LAKE BALBOA,2,2020-03-24
LOS ANGELES,LAKE BALBOA,2,2020-03-25
LOS ANGELES,LAKE BALBOA,3,2020-03-26
LOS ANGELES,LAKE BALBOA,3,2020-03-27
LOS ANGELES,LAKE BALBOA,6,2020-03-28
LOS ANGELES,LAKEVIEW TERRACE,NA,2020-03-27
LOS ANGELES,LAKEVIEW TERRACE,NA,2020-03-28
LOS ANGELES,LEIMERT PARK,2,2020-03-26
LOS ANGELES,LEIMERT PARK,NA,2020-03-27
LOS ANGELES,LEIMERT PARK,NA,2020-03-28
LOS ANGELES,LINCOLN HEIGHTS,1,2020-03-23
LOS ANGELES,LINCOLN HEIGHTS,1,2020-03-24
LOS ANGELES,LINCOLN HEIGHTS,1,2020-03-26
LOS ANGELES,LINCOLN HEIGHTS,1,2020-03-27
LOS ANGELES,LINCOLN HEIGHTS,1,2020-03-28
LOS ANGELES,LITTLE ARMENIA,0,2020-03-27
LOS ANGELES,LITTLE ARMENIA,0,2020-03-28
LOS ANGELES,LITTLE BANGLADESH,1,2020-03-26
LOS ANGELES,LITTLE BANGLADESH,2,2020-03-27
LOS ANGELES,LITTLE BANGLADESH,2,2020-03-28
LOS ANGELES,LITTLE TOKYO,0,2020-03-27
LOS ANGELES,LITTLE TOKYO,0,2020-03-28
LOS ANGELES,LONGWOOD,0,2020-03-27
LOS ANGELES,LONGWOOD,0,2020-03-28
LOS ANGELES,LOS FELIZ,1,2020-03-22
LOS ANGELES,LOS FELIZ,2,2020-03-23
LOS ANGELES,LOS FELIZ,2,2020-03-24
LOS ANGELES,LOS FELIZ,3,2020-03-25
LOS ANGELES,LOS FELIZ,5,2020-03-26
LOS ANGELES,LOS FELIZ,6,2020-03-27
LOS ANGELES,LOS FELIZ,5,2020-03-28
LOS ANGELES,MANCHESTER SQUARE,NA,2020-03-27
LOS ANGELES,MANCHESTER SQUARE,NA,2020-03-28
LOS ANGELES,MANDEVILLE CANYON,NA,2020-03-27
LOS ANGELES,MANDEVILLE CANYON,NA,2020-03-28
LOS ANGELES,MAR VISTA,1,2020-03-17
LOS ANGELES,MAR VISTA,1,2020-03-18
LOS ANGELES,MAR VISTA,1,2020-03-19
LOS ANGELES,MAR VISTA,3,2020-03-20
LOS ANGELES,MAR VISTA,4,2020-03-21
LOS ANGELES,MAR VISTA,5,2020-03-22
LOS ANGELES,MAR VISTA,6,2020-03-23
LOS ANGELES,MAR VISTA,6,2020-03-24
LOS ANGELES,MAR VISTA,6,2020-03-25
LOS ANGELES,MAR VISTA,8,2020-03-26
LOS ANGELES,MAR VISTA,8,2020-03-27
LOS ANGELES,MAR VISTA,8,2020-03-28
LOS ANGELES,MARINA PENINSULA,NA,2020-03-27
LOS ANGELES,MARINA PENINSULA,NA,2020-03-28
LOS ANGELES,MELROSE,9,2020-03-17
LOS ANGELES,MELROSE,10,2020-03-18
LOS ANGELES,MELROSE,11,2020-03-19
LOS ANGELES,MELROSE,11,2020-03-20
LOS ANGELES,MELROSE,12,2020-03-21
LOS ANGELES,MELROSE,17,2020-03-22
LOS ANGELES,MELROSE,19,2020-03-23
LOS ANGELES,MELROSE,26,2020-03-24
LOS ANGELES,MELROSE,33,2020-03-25
LOS ANGELES,MELROSE,47,2020-03-26
LOS ANGELES,MELROSE,49,2020-03-27
LOS ANGELES,MELROSE,56,2020-03-28
LOS ANGELES,MID-CITY,8,2020-03-27
LOS ANGELES,MID-CITY,8,2020-03-28
LOS ANGELES,MIRACLE MILE,1,2020-03-20
LOS ANGELES,MIRACLE MILE,1,2020-03-21
LOS ANGELES,MIRACLE MILE,4,2020-03-22
LOS ANGELES,MIRACLE MILE,5,2020-03-23
LOS ANGELES,MIRACLE MILE,7,2020-03-24
LOS ANGELES,MIRACLE MILE,8,2020-03-25
LOS ANGELES,MIRACLE MILE,13,2020-03-26
LOS ANGELES,MIRACLE MILE,7,2020-03-27
LOS ANGELES,MIRACLE MILE,8,2020-03-28
LOS ANGELES,MISSION HILLS,NA,2020-03-27
LOS ANGELES,MISSION HILLS,5,2020-03-28
LOS ANGELES,MT. WASHINGTON,1,2020-03-24
LOS ANGELES,MT. WASHINGTON,2,2020-03-25
LOS ANGELES,MT. WASHINGTON,3,2020-03-26
LOS ANGELES,MT. WASHINGTON,NA,2020-03-27
LOS ANGELES,MT. WASHINGTON,NA,2020-03-28
LOS ANGELES,NORTH HILLS,1,2020-03-26
LOS ANGELES,NORTH HILLS,1,2020-03-27
LOS ANGELES,NORTH HILLS,2,2020-03-28
LOS ANGELES,NORTH HOLLYWOOD,1,2020-03-17
LOS ANGELES,NORTH HOLLYWOOD,2,2020-03-18
LOS ANGELES,NORTH HOLLYWOOD,3,2020-03-19
LOS ANGELES,NORTH HOLLYWOOD,5,2020-03-20
LOS ANGELES,NORTH HOLLYWOOD,5,2020-03-21
LOS ANGELES,NORTH HOLLYWOOD,5,2020-03-22
LOS ANGELES,NORTH HOLLYWOOD,9,2020-03-23
LOS ANGELES,NORTH HOLLYWOOD,10,2020-03-24
LOS ANGELES,NORTH HOLLYWOOD,11,2020-03-25
LOS ANGELES,NORTH HOLLYWOOD,15,2020-03-26
LOS ANGELES,NORTH HOLLYWOOD,18,2020-03-27
LOS ANGELES,NORTH HOLLYWOOD,26,2020-03-28
LOS ANGELES,NORTHRIDGE,1,2020-03-17
LOS ANGELES,NORTHRIDGE,1,2020-03-18
LOS ANGELES,NORTHRIDGE,1,2020-03-19
LOS ANGELES,NORTHRIDGE,1,2020-03-20
LOS ANGELES,NORTHRIDGE,1,2020-03-21
LOS ANGELES,NORTHRIDGE,1,2020-03-22
LOS ANGELES,NORTHRIDGE,1,2020-03-23
LOS ANGELES,NORTHRIDGE,2,2020-03-24
LOS ANGELES,NORTHRIDGE,2,2020-03-25
LOS ANGELES,NORTHRIDGE,4,2020-03-26
LOS ANGELES,NORTHRIDGE,7,2020-03-27
LOS ANGELES,NORTHRIDGE,8,2020-03-28
LOS ANGELES,PACIFIC PALISADES,5,2020-03-19
LOS ANGELES,PACIFIC PALISADES,6,2020-03-20
LOS ANGELES,PACIFIC PALISADES,7,2020-03-21
LOS ANGELES,PACIFIC PALISADES,7,2020-03-22
LOS ANGELES,PACIFIC PALISADES,8,2020-03-23
LOS ANGELES,PACIFIC PALISADES,9,2020-03-24
LOS ANGELES,PACIFIC PALISADES,9,2020-03-25
LOS ANGELES,PACIFIC PALISADES,12,2020-03-26
LOS ANGELES,PACIFIC PALISADES,10,2020-03-27
LOS ANGELES,PACIFIC PALISADES,11,2020-03-28
LOS ANGELES,PACOIMA,1,2020-03-26
LOS ANGELES,PACOIMA,2,2020-03-27
LOS ANGELES,PACOIMA,3,2020-03-28
LOS ANGELES,PALISADES HIGHLANDS,0,2020-03-27
LOS ANGELES,PALISADES HIGHLANDS,0,2020-03-28
LOS ANGELES,PALMS,1,2020-03-19
LOS ANGELES,PALMS,1,2020-03-20
LOS ANGELES,PALMS,1,2020-03-21
LOS ANGELES,PALMS,1,2020-03-22
LOS ANGELES,PALMS,2,2020-03-23
LOS ANGELES,PALMS,6,2020-03-24
LOS ANGELES,PALMS,8,2020-03-25
LOS ANGELES,PALMS,10,2020-03-26
LOS ANGELES,PALMS,12,2020-03-27
LOS ANGELES,PALMS,15,2020-03-28
LOS ANGELES,PANORAMA CITY,1,2020-03-25
LOS ANGELES,PANORAMA CITY,4,2020-03-26
LOS ANGELES,PANORAMA CITY,4,2020-03-27
LOS ANGELES,PANORAMA CITY,4,2020-03-28
LOS ANGELES,PARK LA BREA,3,2020-03-19
LOS ANGELES,PARK LA BREA,4,2020-03-20
LOS ANGELES,PARK LA BREA,4,2020-03-21
LOS ANGELES,PARK LA BREA,4,2020-03-22
LOS ANGELES,PARK LA BREA,6,2020-03-23
LOS ANGELES,PARK LA BREA,8,2020-03-24
LOS ANGELES,PARK LA BREA,8,2020-03-25
LOS ANGELES,PARK LA BREA,8,2020-03-26
LOS ANGELES,PARK LA BREA,NA,2020-03-27
LOS ANGELES,PARK LA BREA,NA,2020-03-28
LOS ANGELES,PICO-UNION,1,2020-03-24
LOS ANGELES,PICO-UNION,2,2020-03-25
LOS ANGELES,PICO-UNION,5,2020-03-26
LOS ANGELES,PICO-UNION,5,2020-03-27
LOS ANGELES,PICO-UNION,4,2020-03-28
LOS ANGELES,PLAYA DEL REY,NA,2020-03-27
LOS ANGELES,PLAYA DEL REY,NA,2020-03-28
LOS ANGELES,PLAYA VISTA,1,2020-03-19
LOS ANGELES,PLAYA VISTA,1,2020-03-20
LOS ANGELES,PLAYA VISTA,2,2020-03-21
LOS ANGELES,PLAYA VISTA,2,2020-03-22
LOS ANGELES,PLAYA VISTA,3,2020-03-23
LOS ANGELES,PLAYA VISTA,4,2020-03-24
LOS ANGELES,PLAYA VISTA,5,2020-03-25
LOS ANGELES,PLAYA VISTA,8,2020-03-26
LOS ANGELES,PLAYA VISTA,5,2020-03-27
LOS ANGELES,PLAYA VISTA,5,2020-03-28
LOS ANGELES,PORTER RANCH,1,2020-03-24
LOS ANGELES,PORTER RANCH,1,2020-03-25
LOS ANGELES,PORTER RANCH,2,2020-03-26
LOS ANGELES,PORTER RANCH,2,2020-03-27
LOS ANGELES,PORTER RANCH,3,2020-03-28
LOS ANGELES,RANCHO PARK,NA,2020-03-27
LOS ANGELES,RANCHO PARK,NA,2020-03-28
LOS ANGELES,REGENT SQUARE,0,2020-03-27
LOS ANGELES,REGENT SQUARE,0,2020-03-28
LOS ANGELES,RESEDA,1,2020-03-17
LOS ANGELES,RESEDA,1,2020-03-18
LOS ANGELES,RESEDA,1,2020-03-19
LOS ANGELES,RESEDA,2,2020-03-20
LOS ANGELES,RESEDA,3,2020-03-21
LOS ANGELES,RESEDA,2,2020-03-22
LOS ANGELES,RESEDA,3,2020-03-23
LOS ANGELES,RESEDA,4,2020-03-24
LOS ANGELES,RESEDA,5,2020-03-25
LOS ANGELES,RESEDA,8,2020-03-26
LOS ANGELES,RESEDA,8,2020-03-27
LOS ANGELES,RESEDA,11,2020-03-28
LOS ANGELES,RESEDA RANCH,NA,2020-03-27
LOS ANGELES,RESEDA RANCH,NA,2020-03-28
LOS ANGELES,REYNIER VILLAGE,NA,2020-03-27
LOS ANGELES,REYNIER VILLAGE,NA,2020-03-28
LOS ANGELES,SAN PEDRO,1,2020-03-17
LOS ANGELES,SAN PEDRO,1,2020-03-18
LOS ANGELES,SAN PEDRO,1,2020-03-19
LOS ANGELES,SAN PEDRO,1,2020-03-20
LOS ANGELES,SAN PEDRO,1,2020-03-21
LOS ANGELES,SAN PEDRO,1,2020-03-22
LOS ANGELES,SAN PEDRO,2,2020-03-23
LOS ANGELES,SAN PEDRO,2,2020-03-24
LOS ANGELES,SAN PEDRO,4,2020-03-25
LOS ANGELES,SAN PEDRO,5,2020-03-26
LOS ANGELES,SAN PEDRO,8,2020-03-27
LOS ANGELES,SAN PEDRO,9,2020-03-28
LOS ANGELES,SHADOW HILLS,NA,2020-03-27
LOS ANGELES,SHADOW HILLS,NA,2020-03-28
LOS ANGELES,SHERMAN OAKS,2,2020-03-17
LOS ANGELES,SHERMAN OAKS,4,2020-03-18
LOS ANGELES,SHERMAN OAKS,5,2020-03-19
LOS ANGELES,SHERMAN OAKS,6,2020-03-20
LOS ANGELES,SHERMAN OAKS,7,2020-03-21
LOS ANGELES,SHERMAN OAKS,7,2020-03-22
LOS ANGELES,SHERMAN OAKS,8,2020-03-23
LOS ANGELES,SHERMAN OAKS,10,2020-03-24
LOS ANGELES,SHERMAN OAKS,12,2020-03-25
LOS ANGELES,SHERMAN OAKS,17,2020-03-26
LOS ANGELES,SHERMAN OAKS,21,2020-03-27
LOS ANGELES,SHERMAN OAKS,25,2020-03-28
LOS ANGELES,SILVERLAKE,1,2020-03-17
LOS ANGELES,SILVERLAKE,1,2020-03-18
LOS ANGELES,SILVERLAKE,3,2020-03-21
LOS ANGELES,SILVERLAKE,3,2020-03-22
LOS ANGELES,SILVERLAKE,4,2020-03-23
LOS ANGELES,SILVERLAKE,5,2020-03-24
LOS ANGELES,SILVERLAKE,6,2020-03-25
LOS ANGELES,SILVERLAKE,11,2020-03-26
LOS ANGELES,SILVERLAKE,12,2020-03-27
LOS ANGELES,SILVERLAKE,14,2020-03-28
LOS ANGELES,SOUTH CARTHAY,5,2020-03-27
LOS ANGELES,SOUTH CARTHAY,5,2020-03-28
LOS ANGELES,SOUTH PARK,1,2020-03-23
LOS ANGELES,SOUTH PARK,1,2020-03-24
LOS ANGELES,SOUTH PARK,1,2020-03-25
LOS ANGELES,SOUTH PARK,2,2020-03-26
LOS ANGELES,SOUTH PARK,3,2020-03-27
LOS ANGELES,SOUTH PARK,4,2020-03-28
LOS ANGELES,ST ELMO VILLAGE,0,2020-03-27
LOS ANGELES,ST ELMO VILLAGE,0,2020-03-28
LOS ANGELES,STUDIO CITY,3,2020-03-19
LOS ANGELES,STUDIO CITY,3,2020-03-20
LOS ANGELES,STUDIO CITY,4,2020-03-21
LOS ANGELES,STUDIO CITY,4,2020-03-22
LOS ANGELES,STUDIO CITY,7,2020-03-23
LOS ANGELES,STUDIO CITY,7,2020-03-24
LOS ANGELES,STUDIO CITY,7,2020-03-25
LOS ANGELES,STUDIO CITY,11,2020-03-26
LOS ANGELES,STUDIO CITY,10,2020-03-27
LOS ANGELES,STUDIO CITY,10,2020-03-28
LOS ANGELES,SUN VALLEY,1,2020-03-21
LOS ANGELES,SUN VALLEY,1,2020-03-22
LOS ANGELES,SUN VALLEY,2,2020-03-23
LOS ANGELES,SUN VALLEY,2,2020-03-24
LOS ANGELES,SUN VALLEY,2,2020-03-25
LOS ANGELES,SUN VALLEY,2,2020-03-26
LOS ANGELES,SUN VALLEY,3,2020-03-27
LOS ANGELES,SUN VALLEY,5,2020-03-28
LOS ANGELES,SUNLAND,1,2020-03-21
LOS ANGELES,SUNLAND,1,2020-03-22
LOS ANGELES,SUNLAND,1,2020-03-23
LOS ANGELES,SUNLAND,1,2020-03-24
LOS ANGELES,SUNLAND,1,2020-03-25
LOS ANGELES,SUNLAND,1,2020-03-26
LOS ANGELES,SUNLAND,0,2020-03-27
LOS ANGELES,SUNLAND,NA,2020-03-28
LOS ANGELES,SYCAMORE SQUARE,0,2020-03-27
LOS ANGELES,SYCAMORE SQUARE,0,2020-03-28
LOS ANGELES,SYLMAR,1,2020-03-18
LOS ANGELES,SYLMAR,1,2020-03-19
LOS ANGELES,SYLMAR,1,2020-03-20
LOS ANGELES,SYLMAR,1,2020-03-21
LOS ANGELES,SYLMAR,1,2020-03-22
LOS ANGELES,SYLMAR,1,2020-03-23
LOS ANGELES,SYLMAR,1,2020-03-24
LOS ANGELES,SYLMAR,1,2020-03-25
LOS ANGELES,SYLMAR,2,2020-03-26
LOS ANGELES,SYLMAR,4,2020-03-27
LOS ANGELES,SYLMAR,8,2020-03-28
LOS ANGELES,TARZANA,5,2020-03-17
LOS ANGELES,TARZANA,5,2020-03-18
LOS ANGELES,TARZANA,5,2020-03-19
LOS ANGELES,TARZANA,6,2020-03-20
LOS ANGELES,TARZANA,7,2020-03-21
LOS ANGELES,TARZANA,8,2020-03-22
LOS ANGELES,TARZANA,8,2020-03-23
LOS ANGELES,TARZANA,9,2020-03-24
LOS ANGELES,TARZANA,9,2020-03-25
LOS ANGELES,TARZANA,14,2020-03-26
LOS ANGELES,TARZANA,17,2020-03-27
LOS ANGELES,TARZANA,19,2020-03-28
LOS ANGELES,TEMPLE-BEAUDRY,1,2020-03-22
LOS ANGELES,TEMPLE-BEAUDRY,1,2020-03-23
LOS ANGELES,TEMPLE-BEAUDRY,1,2020-03-24
LOS ANGELES,TEMPLE-BEAUDRY,3,2020-03-25
LOS ANGELES,TEMPLE-BEAUDRY,6,2020-03-26
LOS ANGELES,TEMPLE-BEAUDRY,5,2020-03-27
LOS ANGELES,TEMPLE-BEAUDRY,5,2020-03-28
LOS ANGELES,THAI TOWN,NA,2020-03-27
LOS ANGELES,THAI TOWN,NA,2020-03-28
LOS ANGELES,TOLUCA LAKE,NA,2020-03-27
LOS ANGELES,TOLUCA LAKE,NA,2020-03-28
LOS ANGELES,TOLUCA TERRACE,0,2020-03-27
LOS ANGELES,TOLUCA TERRACE,0,2020-03-28
LOS ANGELES,TOLUCA WOODS,0,2020-03-27
LOS ANGELES,TOLUCA WOODS,0,2020-03-28
LOS ANGELES,TUJUNGA,1,2020-03-19
LOS ANGELES,TUJUNGA,1,2020-03-20
LOS ANGELES,TUJUNGA,1,2020-03-21
LOS ANGELES,TUJUNGA,1,2020-03-22
LOS ANGELES,TUJUNGA,1,2020-03-23
LOS ANGELES,TUJUNGA,1,2020-03-24
LOS ANGELES,TUJUNGA,1,2020-03-25
LOS ANGELES,TUJUNGA,2,2020-03-26
LOS ANGELES,TUJUNGA,2,2020-03-27
LOS ANGELES,TUJUNGA,2,2020-03-28
LOS ANGELES,UNIVERSITY HILLS,0,2020-03-27
LOS ANGELES,UNIVERSITY HILLS,0,2020-03-28
LOS ANGELES,UNIVERSITY PARK,1,2020-03-19
LOS ANGELES,UNIVERSITY PARK,1,2020-03-20
LOS ANGELES,UNIVERSITY PARK,1,2020-03-21
LOS ANGELES,UNIVERSITY PARK,1,2020-03-22
LOS ANGELES,UNIVERSITY PARK,1,2020-03-23
LOS ANGELES,UNIVERSITY PARK,1,2020-03-24
LOS ANGELES,UNIVERSITY PARK,4,2020-03-25
LOS ANGELES,UNIVERSITY PARK,6,2020-03-26
LOS ANGELES,UNIVERSITY PARK,4,2020-03-27
LOS ANGELES,UNIVERSITY PARK,5,2020-03-28
LOS ANGELES,VALLEY GLEN,1,2020-03-19
LOS ANGELES,VALLEY GLEN,3,2020-03-20
LOS ANGELES,VALLEY GLEN,6,2020-03-21
LOS ANGELES,VALLEY GLEN,6,2020-03-22
LOS ANGELES,VALLEY GLEN,7,2020-03-23
LOS ANGELES,VALLEY GLEN,9,2020-03-24
LOS ANGELES,VALLEY GLEN,11,2020-03-25
LOS ANGELES,VALLEY GLEN,12,2020-03-26
LOS ANGELES,VALLEY GLEN,2,2020-03-27
LOS ANGELES,VALLEY GLEN,3,2020-03-28
LOS ANGELES,VALLEY VILLAGE,13,2020-03-27
LOS ANGELES,VALLEY VILLAGE,14,2020-03-28
LOS ANGELES,VAN NUYS,1,2020-03-19
LOS ANGELES,VAN NUYS,1,2020-03-20
LOS ANGELES,VAN NUYS,2,2020-03-21
LOS ANGELES,VAN NUYS,2,2020-03-22
LOS ANGELES,VAN NUYS,4,2020-03-23
LOS ANGELES,VAN NUYS,4,2020-03-24
LOS ANGELES,VAN NUYS,4,2020-03-25
LOS ANGELES,VAN NUYS,4,2020-03-26
LOS ANGELES,VAN NUYS,4,2020-03-27
LOS ANGELES,VAN NUYS,6,2020-03-28
LOS ANGELES,VENICE,2,2020-03-17
LOS ANGELES,VENICE,4,2020-03-18
LOS ANGELES,VENICE,4,2020-03-19
LOS ANGELES,VENICE,4,2020-03-20
LOS ANGELES,VENICE,6,2020-03-21
LOS ANGELES,VENICE,7,2020-03-22
LOS ANGELES,VENICE,7,2020-03-23
LOS ANGELES,VENICE,8,2020-03-24
LOS ANGELES,VENICE,9,2020-03-25
LOS ANGELES,VENICE,11,2020-03-26
LOS ANGELES,VENICE,11,2020-03-27
LOS ANGELES,VENICE,13,2020-03-28
LOS ANGELES,VERMONT KNOLLS,1,2020-03-19
LOS ANGELES,VERMONT KNOLLS,1,2020-03-20
LOS ANGELES,VERMONT KNOLLS,1,2020-03-21
LOS ANGELES,VERMONT KNOLLS,1,2020-03-22
LOS ANGELES,VERMONT KNOLLS,1,2020-03-23
LOS ANGELES,VERMONT KNOLLS,1,2020-03-24
LOS ANGELES,VERMONT KNOLLS,1,2020-03-25
LOS ANGELES,VERMONT KNOLLS,3,2020-03-26
LOS ANGELES,VERMONT KNOLLS,NA,2020-03-27
LOS ANGELES,VERMONT KNOLLS,NA,2020-03-28
LOS ANGELES,VERMONT SQUARE,NA,2020-03-27
LOS ANGELES,VERMONT SQUARE,NA,2020-03-28
LOS ANGELES,VERMONT VISTA,1,2020-03-21
LOS ANGELES,VERMONT VISTA,1,2020-03-22
LOS ANGELES,VERMONT VISTA,1,2020-03-23
LOS ANGELES,VERMONT VISTA,3,2020-03-24
LOS ANGELES,VERMONT VISTA,3,2020-03-25
LOS ANGELES,VERMONT VISTA,5,2020-03-26
LOS ANGELES,VERMONT VISTA,2,2020-03-27
LOS ANGELES,VERMONT VISTA,3,2020-03-28
LOS ANGELES,VERNON CENTRAL,1,2020-03-21
LOS ANGELES,VERNON CENTRAL,1,2020-03-22
LOS ANGELES,VERNON CENTRAL,1,2020-03-23
LOS ANGELES,VERNON CENTRAL,1,2020-03-24
LOS ANGELES,VERNON CENTRAL,1,2020-03-25
LOS ANGELES,VERNON CENTRAL,1,2020-03-26
LOS ANGELES,VERNON CENTRAL,3,2020-03-27
LOS ANGELES,VERNON CENTRAL,3,2020-03-28
LOS ANGELES,VICTORIA PARK,NA,2020-03-27
LOS ANGELES,VICTORIA PARK,NA,2020-03-28
LOS ANGELES,VIEW HEIGHTS,0,2020-03-27
LOS ANGELES,VIEW HEIGHTS,0,2020-03-28
LOS ANGELES,WATTS,1,2020-03-25
LOS ANGELES,WATTS,1,2020-03-26
LOS ANGELES,WATTS,1,2020-03-27
LOS ANGELES,WATTS,1,2020-03-28
LOS ANGELES,WELLINGTON SQUARE,0,2020-03-27
LOS ANGELES,WELLINGTON SQUARE,0,2020-03-28
LOS ANGELES,WEST ADAMS,1,2020-03-17
LOS ANGELES,WEST ADAMS,1,2020-03-18
LOS ANGELES,WEST ADAMS,1,2020-03-19
LOS ANGELES,WEST ADAMS,1,2020-03-20
LOS ANGELES,WEST ADAMS,2,2020-03-21
LOS ANGELES,WEST ADAMS,1,2020-03-22
LOS ANGELES,WEST ADAMS,1,2020-03-23
LOS ANGELES,WEST ADAMS,3,2020-03-24
LOS ANGELES,WEST ADAMS,4,2020-03-25
LOS ANGELES,WEST ADAMS,6,2020-03-26
LOS ANGELES,WEST ADAMS,6,2020-03-27
LOS ANGELES,WEST ADAMS,7,2020-03-28
LOS ANGELES,WEST HILLS,3,2020-03-17
LOS ANGELES,WEST HILLS,3,2020-03-18
LOS ANGELES,WEST HILLS,3,2020-03-19
LOS ANGELES,WEST HILLS,3,2020-03-20
LOS ANGELES,WEST HILLS,4,2020-03-21
LOS ANGELES,WEST HILLS,4,2020-03-22
LOS ANGELES,WEST HILLS,4,2020-03-23
LOS ANGELES,WEST HILLS,4,2020-03-24
LOS ANGELES,WEST HILLS,4,2020-03-25
LOS ANGELES,WEST HILLS,4,2020-03-26
LOS ANGELES,WEST HILLS,5,2020-03-27
LOS ANGELES,WEST HILLS,5,2020-03-28
LOS ANGELES,WEST LOS ANGELES,1,2020-03-18
LOS ANGELES,WEST LOS ANGELES,2,2020-03-19
LOS ANGELES,WEST LOS ANGELES,3,2020-03-20
LOS ANGELES,WEST LOS ANGELES,3,2020-03-21
LOS ANGELES,WEST LOS ANGELES,3,2020-03-22
LOS ANGELES,WEST LOS ANGELES,4,2020-03-23
LOS ANGELES,WEST LOS ANGELES,4,2020-03-24
LOS ANGELES,WEST LOS ANGELES,4,2020-03-25
LOS ANGELES,WEST LOS ANGELES,5,2020-03-26
LOS ANGELES,WEST LOS ANGELES,9,2020-03-27
LOS ANGELES,WEST LOS ANGELES,13,2020-03-28
LOS ANGELES,WEST VERNON,1,2020-03-17
LOS ANGELES,WEST VERNON,1,2020-03-18
LOS ANGELES,WEST VERNON,1,2020-03-19
LOS ANGELES,WEST VERNON,1,2020-03-20
LOS ANGELES,WEST VERNON,2,2020-03-21
LOS ANGELES,WEST VERNON,2,2020-03-22
LOS ANGELES,WEST VERNON,2,2020-03-23
LOS ANGELES,WEST VERNON,4,2020-03-24
LOS ANGELES,WEST VERNON,5,2020-03-25
LOS ANGELES,WEST VERNON,6,2020-03-26
LOS ANGELES,WEST VERNON,6,2020-03-27
LOS ANGELES,WEST VERNON,8,2020-03-28
LOS ANGELES,WESTCHESTER,2,2020-03-17
LOS ANGELES,WESTCHESTER,2,2020-03-18
LOS ANGELES,WESTCHESTER,3,2020-03-19
LOS ANGELES,WESTCHESTER,3,2020-03-20
LOS ANGELES,WESTCHESTER,3,2020-03-21
LOS ANGELES,WESTCHESTER,3,2020-03-22
LOS ANGELES,WESTCHESTER,3,2020-03-23
LOS ANGELES,WESTCHESTER,3,2020-03-24
LOS ANGELES,WESTCHESTER,5,2020-03-25
LOS ANGELES,WESTCHESTER,7,2020-03-26
LOS ANGELES,WESTCHESTER,8,2020-03-27
LOS ANGELES,WESTCHESTER,12,2020-03-28
LOS ANGELES,WESTLAKE,1,2020-03-21
LOS ANGELES,WESTLAKE,1,2020-03-22
LOS ANGELES,WESTLAKE,1,2020-03-23
LOS ANGELES,WESTLAKE,1,2020-03-24
LOS ANGELES,WESTLAKE,1,2020-03-25
LOS ANGELES,WESTLAKE,1,2020-03-26
LOS ANGELES,WESTLAKE,1,2020-03-27
LOS ANGELES,WESTLAKE,2,2020-03-28
LOS ANGELES,WESTWOOD,2,2020-03-19
LOS ANGELES,WESTWOOD,5,2020-03-20
LOS ANGELES,WESTWOOD,5,2020-03-21
LOS ANGELES,WESTWOOD,5,2020-03-22
LOS ANGELES,WESTWOOD,6,2020-03-23
LOS ANGELES,WESTWOOD,6,2020-03-24
LOS ANGELES,WESTWOOD,9,2020-03-25
LOS ANGELES,WESTWOOD,11,2020-03-26
LOS ANGELES,WESTWOOD,16,2020-03-27
LOS ANGELES,WESTWOOD,17,2020-03-28
LOS ANGELES,WHOLESALE DISTRICT,1,2020-03-24
LOS ANGELES,WHOLESALE DISTRICT,4,2020-03-25
LOS ANGELES,WHOLESALE DISTRICT,6,2020-03-26
LOS ANGELES,WHOLESALE DISTRICT,8,2020-03-27
LOS ANGELES,WHOLESALE DISTRICT,11,2020-03-28
LOS ANGELES,WILMINGTON,1,2020-03-22
LOS ANGELES,WILMINGTON,3,2020-03-23
LOS ANGELES,WILMINGTON,4,2020-03-24
LOS ANGELES,WILMINGTON,4,2020-03-25
LOS ANGELES,WILMINGTON,5,2020-03-26
LOS ANGELES,WILMINGTON,5,2020-03-27
LOS ANGELES,WILMINGTON,7,2020-03-28
LOS ANGELES,WILSHIRE CENTER,1,2020-03-23
LOS ANGELES,WILSHIRE CENTER,1,2020-03-24
LOS ANGELES,WILSHIRE CENTER,2,2020-03-25
LOS ANGELES,WILSHIRE CENTER,2,2020-03-26
LOS ANGELES,WILSHIRE CENTER,4,2020-03-27
LOS ANGELES,WILSHIRE CENTER,4,2020-03-28
LOS ANGELES,WINNETKA,1,2020-03-20
LOS ANGELES,WINNETKA,1,2020-03-21
LOS ANGELES,WINNETKA,1,2020-03-22
LOS ANGELES,WINNETKA,1,2020-03-23
LOS ANGELES,WINNETKA,2,2020-03-24
LOS ANGELES,WINNETKA,3,2020-03-25
LOS ANGELES,WINNETKA,5,2020-03-26
LOS ANGELES,WINNETKA,3,2020-03-27
LOS ANGELES,WINNETKA,8,2020-03-28
LOS ANGELES,WOODLAND HILLS,2,2020-03-17
LOS ANGELES,WOODLAND HILLS,3,2020-03-18
LOS ANGELES,WOODLAND HILLS,3,2020-03-19
LOS ANGELES,WOODLAND HILLS,4,2020-03-20
LOS ANGELES,WOODLAND HILLS,5,2020-03-21
LOS ANGELES,WOODLAND HILLS,5,2020-03-22
LOS ANGELES,WOODLAND HILLS,7,2020-03-23
LOS ANGELES,WOODLAND HILLS,8,2020-03-24
LOS ANGELES,WOODLAND HILLS,11,2020-03-25
LOS ANGELES,WOODLAND HILLS,13,2020-03-26
LOS ANGELES,WOODLAND HILLS,14,2020-03-27
LOS ANGELES,WOODLAND HILLS,18,2020-03-28
LOS ANGELES COUNTY (EXCL. LB AND PAS),LOS ANGELES COUNTY (EXCL. LB AND PAS),137,2020-03-17
LOS ANGELES COUNTY (EXCL. LB AND PAS),LOS ANGELES COUNTY (EXCL. LB AND PAS),180,2020-03-18
LOS ANGELES COUNTY (EXCL. LB AND PAS),LOS ANGELES COUNTY (EXCL. LB AND PAS),217,2020-03-19
LOS ANGELES COUNTY (EXCL. LB AND PAS),LOS ANGELES COUNTY (EXCL. LB AND PAS),278,2020-03-20
LOS ANGELES COUNTY (EXCL. LB AND PAS),LOS ANGELES COUNTY (EXCL. LB AND PAS),335,2020-03-21
LOS ANGELES COUNTY (EXCL. LB AND PAS),LOS ANGELES COUNTY (EXCL. LB AND PAS),391,2020-03-22
LOS ANGELES COUNTY (EXCL. LB AND PAS),LOS ANGELES COUNTY (EXCL. LB AND PAS),516,2020-03-23
LOS ANGELES COUNTY (EXCL. LB AND PAS),LOS ANGELES COUNTY (EXCL. LB AND PAS),635,2020-03-24
LOS ANGELES COUNTY (EXCL. LB AND PAS),LOS ANGELES COUNTY (EXCL. LB AND PAS),764,2020-03-25
LOS ANGELES COUNTY (EXCL. LB AND PAS),LOS ANGELES COUNTY (EXCL. LB AND PAS),1166,2020-03-26
LOS ANGELES COUNTY (EXCL. LB AND PAS),LOS ANGELES COUNTY (EXCL. LB AND PAS),1402,2020-03-27
LOS ANGELES COUNTY (EXCL. LB AND PAS),LOS ANGELES COUNTY (EXCL. LB AND PAS),1720,2020-03-28
LYNWOOD,LYNWOOD,1,2020-03-17
LYNWOOD,LYNWOOD,1,2020-03-18
LYNWOOD,LYNWOOD,1,2020-03-19
LYNWOOD,LYNWOOD,1,2020-03-20
LYNWOOD,LYNWOOD,1,2020-03-21
LYNWOOD,LYNWOOD,2,2020-03-22
LYNWOOD,LYNWOOD,2,2020-03-23
LYNWOOD,LYNWOOD,2,2020-03-24
LYNWOOD,LYNWOOD,3,2020-03-25
LYNWOOD,LYNWOOD,6,2020-03-26
LYNWOOD,LYNWOOD,8,2020-03-27
LYNWOOD,LYNWOOD,13,2020-03-28
MALIBU,MALIBU,NA,2020-03-27
MALIBU,MALIBU,NA,2020-03-28
MANHATTAN BEACH,MANHATTAN BEACH,4,2020-03-17
MANHATTAN BEACH,MANHATTAN BEACH,4,2020-03-18
MANHATTAN BEACH,MANHATTAN BEACH,5,2020-03-19
MANHATTAN BEACH,MANHATTAN BEACH,6,2020-03-20
MANHATTAN BEACH,MANHATTAN BEACH,7,2020-03-21
MANHATTAN BEACH,MANHATTAN BEACH,7,2020-03-22
MANHATTAN BEACH,MANHATTAN BEACH,9,2020-03-23
MANHATTAN BEACH,MANHATTAN BEACH,11,2020-03-24
MANHATTAN BEACH,MANHATTAN BEACH,17,2020-03-25
MANHATTAN BEACH,MANHATTAN BEACH,21,2020-03-26
MANHATTAN BEACH,MANHATTAN BEACH,22,2020-03-27
MANHATTAN BEACH,MANHATTAN BEACH,23,2020-03-28
MAYWOOD,MAYWOOD,1,2020-03-26
MAYWOOD,MAYWOOD,1,2020-03-27
MAYWOOD,MAYWOOD,2,2020-03-28
MONROVIA,MONROVIA,2,2020-03-26
MONROVIA,MONROVIA,4,2020-03-27
MONROVIA,MONROVIA,4,2020-03-28
MONTEBELLO,MONTEBELLO,1,2020-03-21
MONTEBELLO,MONTEBELLO,1,2020-03-26
MONTEBELLO,MONTEBELLO,2,2020-03-27
MONTEBELLO,MONTEBELLO,3,2020-03-28
MONTEREY PARK,MONTEREY PARK,1,2020-03-17
MONTEREY PARK,MONTEREY PARK,2,2020-03-18
MONTEREY PARK,MONTEREY PARK,2,2020-03-19
MONTEREY PARK,MONTEREY PARK,2,2020-03-20
MONTEREY PARK,MONTEREY PARK,3,2020-03-21
MONTEREY PARK,MONTEREY PARK,3,2020-03-22
MONTEREY PARK,MONTEREY PARK,3,2020-03-23
MONTEREY PARK,MONTEREY PARK,3,2020-03-24
MONTEREY PARK,MONTEREY PARK,4,2020-03-25
MONTEREY PARK,MONTEREY PARK,4,2020-03-26
MONTEREY PARK,MONTEREY PARK,4,2020-03-27
MONTEREY PARK,MONTEREY PARK,5,2020-03-28
NORWALK,NORWALK,1,2020-03-24
NORWALK,NORWALK,2,2020-03-25
NORWALK,NORWALK,9,2020-03-26
NORWALK,NORWALK,9,2020-03-27
NORWALK,NORWALK,12,2020-03-28
PALMDALE,PALMDALE,1,2020-03-23
PALMDALE,PALMDALE,2,2020-03-24
PALMDALE,PALMDALE,2,2020-03-25
PALMDALE,PALMDALE,2,2020-03-26
PALMDALE,PALMDALE,4,2020-03-27
PALMDALE,PALMDALE,6,2020-03-28
PALOS VERDES ESTATES,PALOS VERDES ESTATES,12,2020-03-27
PALOS VERDES ESTATES,PALOS VERDES ESTATES,14,2020-03-28
PARAMOUNT,PARAMOUNT,1,2020-03-22
PARAMOUNT,PARAMOUNT,2,2020-03-23
PARAMOUNT,PARAMOUNT,2,2020-03-24
PARAMOUNT,PARAMOUNT,3,2020-03-25
PARAMOUNT,PARAMOUNT,4,2020-03-26
PARAMOUNT,PARAMOUNT,5,2020-03-27
PARAMOUNT,PARAMOUNT,5,2020-03-28
PASADENA,PASADENA,2,2020-03-17
PASADENA,PASADENA,2,2020-03-18
PASADENA,PASADENA,2,2020-03-19
PASADENA,PASADENA,2,2020-03-20
PASADENA,PASADENA,3,2020-03-21
PASADENA,PASADENA,3,2020-03-22
PASADENA,PASADENA,3,2020-03-23
PASADENA,PASADENA,6,2020-03-24
PASADENA,PASADENA,7,2020-03-25
PASADENA,PASADENA,9,2020-03-26
PASADENA,PASADENA,9,2020-03-27
PASADENA,PASADENA,9,2020-03-28
PICO RIVERA,PICO RIVERA,1,2020-03-24
PICO RIVERA,PICO RIVERA,1,2020-03-25
PICO RIVERA,PICO RIVERA,2,2020-03-26
PICO RIVERA,PICO RIVERA,2,2020-03-27
PICO RIVERA,PICO RIVERA,5,2020-03-28
POMONA,POMONA,1,2020-03-25
POMONA,POMONA,3,2020-03-26
POMONA,POMONA,4,2020-03-27
POMONA,POMONA,4,2020-03-28
RANCHO PALOS VERDES,RANCHO PALOS VERDES,1,2020-03-22
RANCHO PALOS VERDES,RANCHO PALOS VERDES,1,2020-03-23
RANCHO PALOS VERDES,RANCHO PALOS VERDES,3,2020-03-24
RANCHO PALOS VERDES,RANCHO PALOS VERDES,5,2020-03-25
RANCHO PALOS VERDES,RANCHO PALOS VERDES,6,2020-03-26
RANCHO PALOS VERDES,RANCHO PALOS VERDES,7,2020-03-27
RANCHO PALOS VERDES,RANCHO PALOS VERDES,8,2020-03-28
REDONDO BEACH,REDONDO BEACH,1,2020-03-20
REDONDO BEACH,REDONDO BEACH,2,2020-03-21
REDONDO BEACH,REDONDO BEACH,4,2020-03-22
REDONDO BEACH,REDONDO BEACH,5,2020-03-23
REDONDO BEACH,REDONDO BEACH,7,2020-03-24
REDONDO BEACH,REDONDO BEACH,9,2020-03-25
REDONDO BEACH,REDONDO BEACH,20,2020-03-26
REDONDO BEACH,REDONDO BEACH,23,2020-03-27
REDONDO BEACH,REDONDO BEACH,24,2020-03-28
ROLLING HILLS,ROLLING HILLS,0,2020-03-27
ROLLING HILLS,ROLLING HILLS,0,2020-03-28
ROLLING HILLS ESTATES,ROLLING HILLS ESTATES,NA,2020-03-27
ROLLING HILLS ESTATES,ROLLING HILLS ESTATES,NA,2020-03-28
ROSEMEAD,ROSEMEAD,0,2020-03-27
ROSEMEAD,ROSEMEAD,1,2020-03-28
SAN DIMAS,SAN DIMAS,1,2020-03-17
SAN DIMAS,SAN DIMAS,1,2020-03-18
SAN DIMAS,SAN DIMAS,1,2020-03-19
SAN DIMAS,SAN DIMAS,1,2020-03-20
SAN DIMAS,SAN DIMAS,1,2020-03-21
SAN DIMAS,SAN DIMAS,1,2020-03-22
SAN DIMAS,SAN DIMAS,1,2020-03-23
SAN DIMAS,SAN DIMAS,1,2020-03-24
SAN DIMAS,SAN DIMAS,1,2020-03-25
SAN DIMAS,SAN DIMAS,1,2020-03-26
SAN DIMAS,SAN DIMAS,1,2020-03-27
SAN DIMAS,SAN DIMAS,2,2020-03-28
SAN FERNANDO,SAN FERNANDO,1,2020-03-20
SAN FERNANDO,SAN FERNANDO,1,2020-03-21
SAN FERNANDO,SAN FERNANDO,1,2020-03-22
SAN FERNANDO,SAN FERNANDO,1,2020-03-23
SAN FERNANDO,SAN FERNANDO,2,2020-03-24
SAN FERNANDO,SAN FERNANDO,3,2020-03-25
SAN FERNANDO,SAN FERNANDO,3,2020-03-26
SAN FERNANDO,SAN FERNANDO,0,2020-03-27
SAN FERNANDO,SAN FERNANDO,0,2020-03-28
SAN GABRIEL,SAN GABRIEL,1,2020-03-24
SAN GABRIEL,SAN GABRIEL,1,2020-03-25
SAN GABRIEL,SAN GABRIEL,3,2020-03-26
SAN GABRIEL,SAN GABRIEL,5,2020-03-27
SAN GABRIEL,SAN GABRIEL,6,2020-03-28
SAN MARINO,SAN MARINO,NA,2020-03-27
SAN MARINO,SAN MARINO,NA,2020-03-28
SANTA CLARITA,SANTA CLARITA,2,2020-03-17
SANTA CLARITA,SANTA CLARITA,2,2020-03-18
SANTA CLARITA,SANTA CLARITA,3,2020-03-19
SANTA CLARITA,SANTA CLARITA,4,2020-03-20
SANTA CLARITA,SANTA CLARITA,4,2020-03-21
SANTA CLARITA,SANTA CLARITA,4,2020-03-22
SANTA CLARITA,SANTA CLARITA,7,2020-03-23
SANTA CLARITA,SANTA CLARITA,7,2020-03-24
SANTA CLARITA,SANTA CLARITA,10,2020-03-25
SANTA CLARITA,SANTA CLARITA,16,2020-03-26
SANTA CLARITA,SANTA CLARITA,24,2020-03-27
SANTA CLARITA,SANTA CLARITA,32,2020-03-28
SANTA FE SPRINGS,SANTA FE SPRINGS,0,2020-03-27
SANTA FE SPRINGS,SANTA FE SPRINGS,0,2020-03-28
SANTA MONICA,SANTA MONICA,1,2020-03-17
SANTA MONICA,SANTA MONICA,3,2020-03-18
SANTA MONICA,SANTA MONICA,2,2020-03-19
SANTA MONICA,SANTA MONICA,4,2020-03-20
SANTA MONICA,SANTA MONICA,5,2020-03-21
SANTA MONICA,SANTA MONICA,7,2020-03-22
SANTA MONICA,SANTA MONICA,12,2020-03-23
SANTA MONICA,SANTA MONICA,16,2020-03-24
SANTA MONICA,SANTA MONICA,18,2020-03-25
SANTA MONICA,SANTA MONICA,21,2020-03-26
SANTA MONICA,SANTA MONICA,28,2020-03-27
SANTA MONICA,SANTA MONICA,38,2020-03-28
SIERRA MADRE,SIERRA MADRE,0,2020-03-27
SIERRA MADRE,SIERRA MADRE,0,2020-03-28
SIGNAL HILL,SIGNAL HILL,NA,2020-03-27
SIGNAL HILL,SIGNAL HILL,NA,2020-03-28
SOUTH EL MONTE,SOUTH EL MONTE,1,2020-03-19
SOUTH EL MONTE,SOUTH EL MONTE,1,2020-03-20
SOUTH EL MONTE,SOUTH EL MONTE,1,2020-03-21
SOUTH EL MONTE,SOUTH EL MONTE,1,2020-03-22
SOUTH EL MONTE,SOUTH EL MONTE,1,2020-03-23
SOUTH EL MONTE,SOUTH EL MONTE,1,2020-03-24
SOUTH EL MONTE,SOUTH EL MONTE,3,2020-03-25
SOUTH EL MONTE,SOUTH EL MONTE,4,2020-03-26
SOUTH EL MONTE,SOUTH EL MONTE,0,2020-03-27
SOUTH EL MONTE,SOUTH EL MONTE,0,2020-03-28
SOUTH GATE,SOUTH GATE,1,2020-03-22
SOUTH GATE,SOUTH GATE,1,2020-03-23
SOUTH GATE,SOUTH GATE,1,2020-03-24
SOUTH GATE,SOUTH GATE,2,2020-03-25
SOUTH GATE,SOUTH GATE,4,2020-03-26
SOUTH GATE,SOUTH GATE,4,2020-03-27
SOUTH GATE,SOUTH GATE,11,2020-03-28
SOUTH PASADENA,SOUTH PASADENA,1,2020-03-17
SOUTH PASADENA,SOUTH PASADENA,1,2020-03-18
SOUTH PASADENA,SOUTH PASADENA,1,2020-03-19
SOUTH PASADENA,SOUTH PASADENA,2,2020-03-20
SOUTH PASADENA,SOUTH PASADENA,2,2020-03-21
SOUTH PASADENA,SOUTH PASADENA,3,2020-03-22
SOUTH PASADENA,SOUTH PASADENA,3,2020-03-23
SOUTH PASADENA,SOUTH PASADENA,3,2020-03-24
SOUTH PASADENA,SOUTH PASADENA,3,2020-03-25
SOUTH PASADENA,SOUTH PASADENA,4,2020-03-26
SOUTH PASADENA,SOUTH PASADENA,3,2020-03-27
SOUTH PASADENA,SOUTH PASADENA,3,2020-03-28
TEMPLE CITY,TEMPLE CITY,0,2020-03-27
TEMPLE CITY,TEMPLE CITY,1,2020-03-28
TORRANCE,TORRANCE,1,2020-03-17
TORRANCE,TORRANCE,2,2020-03-18
TORRANCE,TORRANCE,2,2020-03-19
TORRANCE,TORRANCE,2,2020-03-20
TORRANCE,TORRANCE,2,2020-03-21
TORRANCE,TORRANCE,3,2020-03-22
TORRANCE,TORRANCE,4,2020-03-23
TORRANCE,TORRANCE,5,2020-03-24
TORRANCE,TORRANCE,9,2020-03-25
TORRANCE,TORRANCE,14,2020-03-26
TORRANCE,TORRANCE,21,2020-03-27
TORRANCE,TORRANCE,32,2020-03-28
UNINCORPORATED,ACTON,0,2020-03-27
UNINCORPORATED,ACTON,0,2020-03-28
UNINCORPORATED,AGUA DULCE,0,2020-03-27
UNINCORPORATED,AGUA DULCE,0,2020-03-28
UNINCORPORATED,ALTADENA,1,2020-03-17
UNINCORPORATED,ALTADENA,2,2020-03-20
UNINCORPORATED,ALTADENA,3,2020-03-21
UNINCORPORATED,ALTADENA,3,2020-03-22
UNINCORPORATED,ALTADENA,5,2020-03-23
UNINCORPORATED,ALTADENA,5,2020-03-24
UNINCORPORATED,ALTADENA,5,2020-03-25
UNINCORPORATED,ALTADENA,6,2020-03-26
UNINCORPORATED,ALTADENA,9,2020-03-27
UNINCORPORATED,ALTADENA,10,2020-03-28
UNINCORPORATED,ANAVERDE,0,2020-03-27
UNINCORPORATED,ANAVERDE,0,2020-03-28
UNINCORPORATED,ANGELES NATIONAL FOREST,0,2020-03-27
UNINCORPORATED,ANGELES NATIONAL FOREST,0,2020-03-28
UNINCORPORATED,ARCADIA,0,2020-03-27
UNINCORPORATED,ARCADIA,0,2020-03-28
UNINCORPORATED,ATHENS VILLAGE,0,2020-03-27
UNINCORPORATED,ATHENS VILLAGE,0,2020-03-28
UNINCORPORATED,ATHENS-WESTMONT,1,2020-03-22
UNINCORPORATED,ATHENS-WESTMONT,1,2020-03-23
UNINCORPORATED,ATHENS-WESTMONT,1,2020-03-24
UNINCORPORATED,ATHENS-WESTMONT,1,2020-03-25
UNINCORPORATED,ATHENS-WESTMONT,3,2020-03-26
UNINCORPORATED,ATHENS-WESTMONT,5,2020-03-27
UNINCORPORATED,ATHENS-WESTMONT,7,2020-03-28
UNINCORPORATED,AVOCADO HEIGHTS,0,2020-03-27
UNINCORPORATED,AVOCADO HEIGHTS,0,2020-03-28
UNINCORPORATED,AZUSA,0,2020-03-27
UNINCORPORATED,AZUSA,0,2020-03-28
UNINCORPORATED,BANDINI ISLANDS,0,2020-03-28
UNINCORPORATED,BASSETT,0,2020-03-27
UNINCORPORATED,BASSETT,0,2020-03-28
UNINCORPORATED,BOUQUET CANYON,0,2020-03-27
UNINCORPORATED,BOUQUET CANYON,0,2020-03-28
UNINCORPORATED,BRADBURY,0,2020-03-27
UNINCORPORATED,BRADBURY,0,2020-03-28
UNINCORPORATED,CANYON COUNTRY,1,2020-03-24
UNINCORPORATED,CANYON COUNTRY,1,2020-03-25
UNINCORPORATED,CANYON COUNTRY,1,2020-03-26
UNINCORPORATED,CANYON COUNTRY,NA,2020-03-27
UNINCORPORATED,CANYON COUNTRY,NA,2020-03-28
UNINCORPORATED,CASTAIC,1,2020-03-19
UNINCORPORATED,CASTAIC,1,2020-03-20
UNINCORPORATED,CASTAIC,1,2020-03-21
UNINCORPORATED,CASTAIC,1,2020-03-22
UNINCORPORATED,CASTAIC,1,2020-03-23
UNINCORPORATED,CASTAIC,2,2020-03-24
UNINCORPORATED,CASTAIC,2,2020-03-25
UNINCORPORATED,CASTAIC,2,2020-03-26
UNINCORPORATED,CASTAIC,3,2020-03-27
UNINCORPORATED,CASTAIC,4,2020-03-28
UNINCORPORATED,CERRITOS,0,2020-03-27
UNINCORPORATED,CERRITOS,0,2020-03-28
UNINCORPORATED,CHARTER OAK,0,2020-03-28
UNINCORPORATED,CLAREMONT,0,2020-03-27
UNINCORPORATED,CLAREMONT,0,2020-03-28
UNINCORPORATED,COVINA,NA,2020-03-27
UNINCORPORATED,COVINA,NA,2020-03-28
UNINCORPORATED,COVINA (CHARTER OAK),0,2020-03-27
UNINCORPORATED,COVINA (CHARTER OAK),0,2020-03-28
UNINCORPORATED,DEL AIRE,0,2020-03-27
UNINCORPORATED,DEL AIRE,0,2020-03-28
UNINCORPORATED,DEL REY,0,2020-03-27
UNINCORPORATED,DEL REY,0,2020-03-28
UNINCORPORATED,DEL SUR,0,2020-03-27
UNINCORPORATED,DEL SUR,0,2020-03-28
UNINCORPORATED,DESERT VIEW HIGHLANDS,0,2020-03-27
UNINCORPORATED,DESERT VIEW HIGHLANDS,0,2020-03-28
UNINCORPORATED,DUARTE,0,2020-03-27
UNINCORPORATED,DUARTE,0,2020-03-28
UNINCORPORATED,EAST COVINA,0,2020-03-27
UNINCORPORATED,EAST COVINA,0,2020-03-28
UNINCORPORATED,EAST LA MIRADA,0,2020-03-27
UNINCORPORATED,EAST LA MIRADA,0,2020-03-28
UNINCORPORATED,EAST LANCASTER,0,2020-03-27
UNINCORPORATED,EAST LANCASTER,0,2020-03-28
UNINCORPORATED,EAST LOS ANGELES,1,2020-03-19
UNINCORPORATED,EAST LOS ANGELES,1,2020-03-20
UNINCORPORATED,EAST LOS ANGELES,1,2020-03-21
UNINCORPORATED,EAST LOS ANGELES,2,2020-03-22
UNINCORPORATED,EAST LOS ANGELES,2,2020-03-23
UNINCORPORATED,EAST LOS ANGELES,3,2020-03-24
UNINCORPORATED,EAST LOS ANGELES,3,2020-03-25
UNINCORPORATED,EAST LOS ANGELES,4,2020-03-26
UNINCORPORATED,EAST LOS ANGELES,6,2020-03-27
UNINCORPORATED,EAST LOS ANGELES,8,2020-03-28
UNINCORPORATED,EAST PASADENA,0,2020-03-27
UNINCORPORATED,EAST PASADENA,0,2020-03-28
UNINCORPORATED,EAST RANCHO DOMINGUEZ,0,2020-03-27
UNINCORPORATED,EAST RANCHO DOMINGUEZ,0,2020-03-28
UNINCORPORATED,EAST WHITTIER,NA,2020-03-27
UNINCORPORATED,EAST WHITTIER,NA,2020-03-28
UNINCORPORATED,EL CAMINO VILLAGE,0,2020-03-27
UNINCORPORATED,EL CAMINO VILLAGE,0,2020-03-28
UNINCORPORATED,EL MONTE,0,2020-03-27
UNINCORPORATED,EL MONTE,0,2020-03-28
UNINCORPORATED,ELIZABETH LAKE,0,2020-03-27
UNINCORPORATED,ELIZABETH LAKE,0,2020-03-28
UNINCORPORATED,FLORENCE-FIRESTONE,0,2020-03-27
UNINCORPORATED,FLORENCE-FIRESTONE,0,2020-03-28
UNINCORPORATED,FRANKLIN CANYON,0,2020-03-28
UNINCORPORATED,GLENDORA,0,2020-03-27
UNINCORPORATED,GLENDORA,0,2020-03-28
UNINCORPORATED,HACIENDA HEIGHTS,2,2020-03-26
UNINCORPORATED,HACIENDA HEIGHTS,2,2020-03-27
UNINCORPORATED,HACIENDA HEIGHTS,2,2020-03-28
UNINCORPORATED,HARBOR GATEWAY,0,2020-03-28
UNINCORPORATED,HAWTHORNE,NA,2020-03-27
UNINCORPORATED,HAWTHORNE,NA,2020-03-28
UNINCORPORATED,HI VISTA,0,2020-03-27
UNINCORPORATED,HI VISTA,0,2020-03-28
UNINCORPORATED,KAGEL/LOPEZ CANYONS,0,2020-03-27
UNINCORPORATED,KAGEL/LOPEZ CANYONS,0,2020-03-28
UNINCORPORATED,LA CRESCENTA-MONTROSE,0,2020-03-27
UNINCORPORATED,LA CRESCENTA-MONTROSE,0,2020-03-28
UNINCORPORATED,LA HABRA HEIGHTS,NA,2020-03-27
UNINCORPORATED,LA HABRA HEIGHTS,0,2020-03-28
UNINCORPORATED,LA RAMBLA,NA,2020-03-27
UNINCORPORATED,LA RAMBLA,NA,2020-03-28
UNINCORPORATED,LA VERNE,NA,2020-03-27
UNINCORPORATED,LA VERNE,NA,2020-03-28
UNINCORPORATED,LADERA HEIGHTS,0,2020-03-27
UNINCORPORATED,LADERA HEIGHTS,0,2020-03-28
UNINCORPORATED,LAKE HUGHES,0,2020-03-27
UNINCORPORATED,LAKE HUGHES,0,2020-03-28
UNINCORPORATED,LAKE LOS ANGELES,0,2020-03-27
UNINCORPORATED,LAKE LOS ANGELES,0,2020-03-28
UNINCORPORATED,LAKE MANOR,0,2020-03-27
UNINCORPORATED,LAKE MANOR,0,2020-03-28
UNINCORPORATED,LAKEWOOD,0,2020-03-27
UNINCORPORATED,LAKEWOOD,0,2020-03-28
UNINCORPORATED,LENNOX,NA,2020-03-27
UNINCORPORATED,LENNOX,NA,2020-03-28
UNINCORPORATED,LEONA VALLEY,0,2020-03-27
UNINCORPORATED,LEONA VALLEY,0,2020-03-28
UNINCORPORATED,LITTLEROCK,0,2020-03-27
UNINCORPORATED,LITTLEROCK,0,2020-03-28
UNINCORPORATED,LITTLEROCK/JUNIPER HILLS,0,2020-03-27
UNINCORPORATED,LITTLEROCK/JUNIPER HILLS,0,2020-03-28
UNINCORPORATED,LITTLEROCK/PEARBLOSSOM,0,2020-03-27
UNINCORPORATED,LITTLEROCK/PEARBLOSSOM,0,2020-03-28
UNINCORPORATED,LLANO,0,2020-03-27
UNINCORPORATED,LLANO,0,2020-03-28
UNINCORPORATED,LYNWOOD,0,2020-03-28
UNINCORPORATED,MARINA DEL REY,NA,2020-03-27
UNINCORPORATED,MARINA DEL REY,NA,2020-03-28
UNINCORPORATED,MIRACLE MILE,0,2020-03-28
UNINCORPORATED,MONROVIA,NA,2020-03-27
UNINCORPORATED,MONROVIA,NA,2020-03-28
UNINCORPORATED,NEWHALL,0,2020-03-27
UNINCORPORATED,NEWHALL,0,2020-03-28
UNINCORPORATED,NORTH LANCASTER,0,2020-03-27
UNINCORPORATED,NORTH LANCASTER,0,2020-03-28
UNINCORPORATED,NORTH WHITTIER,0,2020-03-27
UNINCORPORATED,NORTH WHITTIER,0,2020-03-28
UNINCORPORATED,NORTHEAST SAN GABRIEL,0,2020-03-27
UNINCORPORATED,NORTHEAST SAN GABRIEL,0,2020-03-28
UNINCORPORATED,PADUA HILLS,0,2020-03-27
UNINCORPORATED,PADUA HILLS,0,2020-03-28
UNINCORPORATED,PALMDALE,0,2020-03-27
UNINCORPORATED,PALMDALE,0,2020-03-28
UNINCORPORATED,PALOS VERDES PENINSULA,0,2020-03-27
UNINCORPORATED,PALOS VERDES PENINSULA,0,2020-03-28
UNINCORPORATED,PEARBLOSSOM/LLANO,0,2020-03-27
UNINCORPORATED,PEARBLOSSOM/LLANO,0,2020-03-28
UNINCORPORATED,PELLISSIER VILLAGE,0,2020-03-27
UNINCORPORATED,PELLISSIER VILLAGE,0,2020-03-28
UNINCORPORATED,PLACERITA CANYON,0,2020-03-27
UNINCORPORATED,PLACERITA CANYON,0,2020-03-28
UNINCORPORATED,POMONA,0,2020-03-27
UNINCORPORATED,POMONA,0,2020-03-28
UNINCORPORATED,QUARTZ HILL,0,2020-03-27
UNINCORPORATED,QUARTZ HILL,0,2020-03-28
UNINCORPORATED,RANCHO DOMINGUEZ,0,2020-03-27
UNINCORPORATED,RANCHO DOMINGUEZ,0,2020-03-28
UNINCORPORATED,ROOSEVELT,0,2020-03-27
UNINCORPORATED,ROOSEVELT,0,2020-03-28
UNINCORPORATED,ROSEWOOD,0,2020-03-27
UNINCORPORATED,ROSEWOOD,0,2020-03-28
UNINCORPORATED,ROSEWOOD/EAST GARDENA,0,2020-03-27
UNINCORPORATED,ROSEWOOD/EAST GARDENA,0,2020-03-28
UNINCORPORATED,ROSEWOOD/WEST RANCHO DOMINGUEZ,0,2020-03-27
UNINCORPORATED,ROSEWOOD/WEST RANCHO DOMINGUEZ,0,2020-03-28
UNINCORPORATED,ROWLAND HEIGHTS,1,2020-03-27
UNINCORPORATED,ROWLAND HEIGHTS,1,2020-03-28
UNINCORPORATED,SAN CLEMENTE ISLAND,0,2020-03-28
UNINCORPORATED,SAN FRANCISQUITO CANYON/BOUQUET CANYON,0,2020-03-28
UNINCORPORATED,SAN JOSE HILLS,0,2020-03-27
UNINCORPORATED,SAN JOSE HILLS,0,2020-03-28
UNINCORPORATED,SAN PASQUAL,0,2020-03-27
UNINCORPORATED,SAN PASQUAL,0,2020-03-28
UNINCORPORATED,SAND CANYON,0,2020-03-27
UNINCORPORATED,SAND CANYON,0,2020-03-28
UNINCORPORATED,SANTA CATALINA ISLAND,0,2020-03-27
UNINCORPORATED,SANTA CATALINA ISLAND,0,2020-03-28
UNINCORPORATED,SANTA MONICA MOUNTAINS,2,2020-03-19
UNINCORPORATED,SANTA MONICA MOUNTAINS,2,2020-03-20
UNINCORPORATED,SANTA MONICA MOUNTAINS,3,2020-03-21
UNINCORPORATED,SANTA MONICA MOUNTAINS,2,2020-03-22
UNINCORPORATED,SANTA MONICA MOUNTAINS,2,2020-03-23
UNINCORPORATED,SANTA MONICA MOUNTAINS,2,2020-03-24
UNINCORPORATED,SANTA MONICA MOUNTAINS,3,2020-03-25
UNINCORPORATED,SANTA MONICA MOUNTAINS,4,2020-03-26
UNINCORPORATED,SANTA MONICA MOUNTAINS,0,2020-03-27
UNINCORPORATED,SANTA MONICA MOUNTAINS,0,2020-03-28
UNINCORPORATED,SAUGUS,0,2020-03-27
UNINCORPORATED,SAUGUS,0,2020-03-28
UNINCORPORATED,SAUGUS/CANYON COUNTRY,0,2020-03-27
UNINCORPORATED,SAUGUS/CANYON COUNTRY,0,2020-03-28
UNINCORPORATED,SOUTH ANTELOPE VALLEY,0,2020-03-27
UNINCORPORATED,SOUTH ANTELOPE VALLEY,0,2020-03-28
UNINCORPORATED,SOUTH EDWARDS,0,2020-03-28
UNINCORPORATED,SOUTH EL MONTE,0,2020-03-27
UNINCORPORATED,SOUTH EL MONTE,0,2020-03-28
UNINCORPORATED,SOUTH SAN GABRIEL,0,2020-03-27
UNINCORPORATED,SOUTH SAN GABRIEL,0,2020-03-28
UNINCORPORATED,SOUTH WHITTIER,1,2020-03-20
UNINCORPORATED,SOUTH WHITTIER,1,2020-03-21
UNINCORPORATED,SOUTH WHITTIER,1,2020-03-22
UNINCORPORATED,SOUTH WHITTIER,2,2020-03-23
UNINCORPORATED,SOUTH WHITTIER,2,2020-03-24
UNINCORPORATED,SOUTH WHITTIER,3,2020-03-25
UNINCORPORATED,SOUTH WHITTIER,4,2020-03-26
UNINCORPORATED,SOUTH WHITTIER,3,2020-03-27
UNINCORPORATED,SOUTH WHITTIER,5,2020-03-28
UNINCORPORATED,SOUTHEAST ANTELOPE VALLEY,0,2020-03-27
UNINCORPORATED,SOUTHEAST ANTELOPE VALLEY,0,2020-03-28
UNINCORPORATED,STEVENSON RANCH,1,2020-03-19
UNINCORPORATED,STEVENSON RANCH,1,2020-03-20
UNINCORPORATED,STEVENSON RANCH,1,2020-03-21
UNINCORPORATED,STEVENSON RANCH,1,2020-03-22
UNINCORPORATED,STEVENSON RANCH,2,2020-03-23
UNINCORPORATED,STEVENSON RANCH,2,2020-03-24
UNINCORPORATED,STEVENSON RANCH,2,2020-03-25
UNINCORPORATED,STEVENSON RANCH,3,2020-03-26
UNINCORPORATED,STEVENSON RANCH,NA,2020-03-27
UNINCORPORATED,STEVENSON RANCH,NA,2020-03-28
UNINCORPORATED,SUN VILLAGE,0,2020-03-27
UNINCORPORATED,SUN VILLAGE,0,2020-03-28
UNINCORPORATED,SUNRISE VILLAGE,0,2020-03-27
UNINCORPORATED,SUNRISE VILLAGE,0,2020-03-28
UNINCORPORATED,TWIN LAKES/OAT MOUNTAIN,0,2020-03-27
UNINCORPORATED,TWIN LAKES/OAT MOUNTAIN,0,2020-03-28
UNINCORPORATED,UNIVERSAL CITY,0,2020-03-28
UNINCORPORATED,VAL VERDE,0,2020-03-27
UNINCORPORATED,VAL VERDE,0,2020-03-28
UNINCORPORATED,VALENCIA,NA,2020-03-27
UNINCORPORATED,VALENCIA,NA,2020-03-28
UNINCORPORATED,VALINDA,1,2020-03-25
UNINCORPORATED,VALINDA,1,2020-03-26
UNINCORPORATED,VALINDA,NA,2020-03-27
UNINCORPORATED,VALINDA,NA,2020-03-28
UNINCORPORATED,VIEW PARK/WINDSOR HILLS,0,2020-03-27
UNINCORPORATED,VIEW PARK/WINDSOR HILLS,0,2020-03-28
UNINCORPORATED,WALNUT,0,2020-03-28
UNINCORPORATED,WALNUT PARK,0,2020-03-27
UNINCORPORATED,WALNUT PARK,0,2020-03-28
UNINCORPORATED,WEST ANTELOPE VALLEY,0,2020-03-27
UNINCORPORATED,WEST ANTELOPE VALLEY,0,2020-03-28
UNINCORPORATED,WEST CARSON,5,2020-03-27
UNINCORPORATED,WEST CARSON,6,2020-03-28
UNINCORPORATED,WEST CHATSWORTH,0,2020-03-28
UNINCORPORATED,WEST LA,NA,2020-03-27
UNINCORPORATED,WEST LA,NA,2020-03-28
UNINCORPORATED,WEST PUENTE VALLEY,0,2020-03-27
UNINCORPORATED,WEST PUENTE VALLEY,0,2020-03-28
UNINCORPORATED,WEST RANCHO DOMINGUEZ,0,2020-03-27
UNINCORPORATED,WEST RANCHO DOMINGUEZ,0,2020-03-28
UNINCORPORATED,WEST WHITTIER/LOS NIETOS,1,2020-03-26
UNINCORPORATED,WEST WHITTIER/LOS NIETOS,0,2020-03-27
UNINCORPORATED,WEST WHITTIER/LOS NIETOS,0,2020-03-28
UNINCORPORATED,WESTFIELD/ACADEMY HILLS,0,2020-03-27
UNINCORPORATED,WESTFIELD/ACADEMY HILLS,0,2020-03-28
UNINCORPORATED,WESTHILLS,0,2020-03-27
UNINCORPORATED,WESTHILLS,0,2020-03-28
UNINCORPORATED,WHITE FENCE FARMS,0,2020-03-27
UNINCORPORATED,WHITE FENCE FARMS,0,2020-03-28
UNINCORPORATED,WHITTIER,0,2020-03-27
UNINCORPORATED,WHITTIER,0,2020-03-28
UNINCORPORATED,WHITTIER NARROWS,0,2020-03-28
UNINCORPORATED,WILLOWBROOK,1,2020-03-24
UNINCORPORATED,WILLOWBROOK,1,2020-03-25
UNINCORPORATED,WILLOWBROOK,1,2020-03-26
UNINCORPORATED,WILLOWBROOK,1,2020-03-27
UNINCORPORATED,WILLOWBROOK,1,2020-03-28
UNINCORPORATED,WISEBURN,NA,2020-03-27
UNINCORPORATED,WISEBURN,NA,2020-03-28
VERNON,VERNON,0,2020-03-27
VERNON,VERNON,0,2020-03-28
WALNUT,WALNUT,1,2020-03-18
WALNUT,WALNUT,1,2020-03-19
WALNUT,WALNUT,2,2020-03-20
WALNUT,WALNUT,1,2020-03-21
WALNUT,WALNUT,1,2020-03-22
WALNUT,WALNUT,1,2020-03-23
WALNUT,WALNUT,1,2020-03-24
WALNUT,WALNUT,1,2020-03-25
WALNUT,WALNUT,1,2020-03-26
WALNUT,WALNUT,1,2020-03-27
WALNUT,WALNUT,2,2020-03-28
WEST COVINA,WEST COVINA,1,2020-03-21
WEST COVINA,WEST COVINA,1,2020-03-22
WEST COVINA,WEST COVINA,1,2020-03-23
WEST COVINA,WEST COVINA,1,2020-03-24
WEST COVINA,WEST COVINA,2,2020-03-25
WEST COVINA,WEST COVINA,4,2020-03-26
WEST COVINA,WEST COVINA,5,2020-03-27
WEST COVINA,WEST COVINA,5,2020-03-28
WEST HOLLYWOOD,WEST HOLLYWOOD,8,2020-03-17
WEST HOLLYWOOD,WEST HOLLYWOOD,11,2020-03-18
WEST HOLLYWOOD,WEST HOLLYWOOD,12,2020-03-19
WEST HOLLYWOOD,WEST HOLLYWOOD,15,2020-03-20
WEST HOLLYWOOD,WEST HOLLYWOOD,18,2020-03-21
WEST HOLLYWOOD,WEST HOLLYWOOD,19,2020-03-22
WEST HOLLYWOOD,WEST HOLLYWOOD,23,2020-03-23
WEST HOLLYWOOD,WEST HOLLYWOOD,31,2020-03-24
WEST HOLLYWOOD,WEST HOLLYWOOD,31,2020-03-25
WEST HOLLYWOOD,WEST HOLLYWOOD,35,2020-03-26
WEST HOLLYWOOD,WEST HOLLYWOOD,42,2020-03-27
WEST HOLLYWOOD,WEST HOLLYWOOD,50,2020-03-28
WESTLAKE VILLAGE,WESTLAKE VILLAGE,0,2020-03-27
WESTLAKE VILLAGE,WESTLAKE VILLAGE,0,2020-03-28
WHITTIER,WHITTIER,2,2020-03-19
WHITTIER,WHITTIER,2,2020-03-20
WHITTIER,WHITTIER,2,2020-03-21
WHITTIER,WHITTIER,2,2020-03-22
WHITTIER,WHITTIER,2,2020-03-23
WHITTIER,WHITTIER,3,2020-03-24
WHITTIER,WHITTIER,3,2020-03-25
WHITTIER,WHITTIER,3,2020-03-26
WHITTIER,WHITTIER,4,2020-03-27
WHITTIER,WHITTIER,6,2020-03-28
